indicador,fuente,nombre,unidad,anio,region,region_nombre,est,li,ls,cobertura
casen_mediana_ypc,CASEN (MDSF),Mediana ingreso per cápita del hogar ($),$,2013,0,Nacional,176616.75,,,regional
casen_mediana_ypc,CASEN (MDSF),Mediana ingreso per cápita del hogar ($),$,2013,1,Tarapacá,203500,,,regional
casen_mediana_ypc,CASEN (MDSF),Mediana ingreso per cápita del hogar ($),$,2013,2,Antofagasta,244885,,,regional
casen_mediana_ypc,CASEN (MDSF),Mediana ingreso per cápita del hogar ($),$,2013,3,Atacama,207058,,,regional
casen_mediana_ypc,CASEN (MDSF),Mediana ingreso per cápita del hogar ($),$,2013,4,Coquimbo,171029,,,regional
casen_mediana_ypc,CASEN (MDSF),Mediana ingreso per cápita del hogar ($),$,2013,5,Valparaíso,175000,,,regional
casen_mediana_ypc,CASEN (MDSF),Mediana ingreso per cápita del hogar ($),$,2013,6,O'Higgins,162636.14,,,regional
casen_mediana_ypc,CASEN (MDSF),Mediana ingreso per cápita del hogar ($),$,2013,7,Maule,140344.5,,,regional
casen_mediana_ypc,CASEN (MDSF),Mediana ingreso per cápita del hogar ($),$,2013,8,Biobío,143019.33,,,regional
casen_mediana_ypc,CASEN (MDSF),Mediana ingreso per cápita del hogar ($),$,2013,9,La Araucanía,132367,,,regional
casen_mediana_ypc,CASEN (MDSF),Mediana ingreso per cápita del hogar ($),$,2013,10,Los Lagos,151642,,,regional
casen_mediana_ypc,CASEN (MDSF),Mediana ingreso per cápita del hogar ($),$,2013,11,Aysén,205250,,,regional
casen_mediana_ypc,CASEN (MDSF),Mediana ingreso per cápita del hogar ($),$,2013,12,Magallanes,235833.33,,,regional
casen_mediana_ypc,CASEN (MDSF),Mediana ingreso per cápita del hogar ($),$,2013,13,Metropolitana,206029,,,regional
casen_mediana_ypc,CASEN (MDSF),Mediana ingreso per cápita del hogar ($),$,2013,14,Los Ríos,143070.33,,,regional
casen_mediana_ypc,CASEN (MDSF),Mediana ingreso per cápita del hogar ($),$,2013,15,Arica y Parinacota,168333.33,,,regional
casen_mediana_ypc,CASEN (MDSF),Mediana ingreso per cápita del hogar ($),$,2015,0,Nacional,210333.5,,,regional
casen_mediana_ypc,CASEN (MDSF),Mediana ingreso per cápita del hogar ($),$,2015,1,Tarapacá,233869.4,,,regional
casen_mediana_ypc,CASEN (MDSF),Mediana ingreso per cápita del hogar ($),$,2015,2,Antofagasta,296666.67,,,regional
casen_mediana_ypc,CASEN (MDSF),Mediana ingreso per cápita del hogar ($),$,2015,3,Atacama,238541.75,,,regional
casen_mediana_ypc,CASEN (MDSF),Mediana ingreso per cápita del hogar ($),$,2015,4,Coquimbo,186127.75,,,regional
casen_mediana_ypc,CASEN (MDSF),Mediana ingreso per cápita del hogar ($),$,2015,5,Valparaíso,205097.33,,,regional
casen_mediana_ypc,CASEN (MDSF),Mediana ingreso per cápita del hogar ($),$,2015,6,O'Higgins,192916.67,,,regional
casen_mediana_ypc,CASEN (MDSF),Mediana ingreso per cápita del hogar ($),$,2015,7,Maule,169960.67,,,regional
casen_mediana_ypc,CASEN (MDSF),Mediana ingreso per cápita del hogar ($),$,2015,8,Biobío,171564,,,regional
casen_mediana_ypc,CASEN (MDSF),Mediana ingreso per cápita del hogar ($),$,2015,9,La Araucanía,154764,,,regional
casen_mediana_ypc,CASEN (MDSF),Mediana ingreso per cápita del hogar ($),$,2015,10,Los Lagos,177942.25,,,regional
casen_mediana_ypc,CASEN (MDSF),Mediana ingreso per cápita del hogar ($),$,2015,11,Aysén,254999,,,regional
casen_mediana_ypc,CASEN (MDSF),Mediana ingreso per cápita del hogar ($),$,2015,12,Magallanes,300544,,,regional
casen_mediana_ypc,CASEN (MDSF),Mediana ingreso per cápita del hogar ($),$,2015,13,Metropolitana,245666.67,,,regional
casen_mediana_ypc,CASEN (MDSF),Mediana ingreso per cápita del hogar ($),$,2015,14,Los Ríos,180905,,,regional
casen_mediana_ypc,CASEN (MDSF),Mediana ingreso per cápita del hogar ($),$,2015,15,Arica y Parinacota,210289.67,,,regional
casen_mediana_ypc,CASEN (MDSF),Mediana ingreso per cápita del hogar ($),$,2017,0,Nacional,245000,,,regional
casen_mediana_ypc,CASEN (MDSF),Mediana ingreso per cápita del hogar ($),$,2017,1,Tarapacá,244198.8,,,regional
casen_mediana_ypc,CASEN (MDSF),Mediana ingreso per cápita del hogar ($),$,2017,2,Antofagasta,310414.8,,,regional
casen_mediana_ypc,CASEN (MDSF),Mediana ingreso per cápita del hogar ($),$,2017,3,Atacama,267145.5,,,regional
casen_mediana_ypc,CASEN (MDSF),Mediana ingreso per cápita del hogar ($),$,2017,4,Coquimbo,194583.25,,,regional
casen_mediana_ypc,CASEN (MDSF),Mediana ingreso per cápita del hogar ($),$,2017,5,Valparaíso,246666.67,,,regional
casen_mediana_ypc,CASEN (MDSF),Mediana ingreso per cápita del hogar ($),$,2017,6,O'Higgins,214529.67,,,regional
casen_mediana_ypc,CASEN (MDSF),Mediana ingreso per cápita del hogar ($),$,2017,7,Maule,194092,,,regional
casen_mediana_ypc,CASEN (MDSF),Mediana ingreso per cápita del hogar ($),$,2017,8,Biobío,213333.25,,,regional
casen_mediana_ypc,CASEN (MDSF),Mediana ingreso per cápita del hogar ($),$,2017,9,La Araucanía,184583.5,,,regional
casen_mediana_ypc,CASEN (MDSF),Mediana ingreso per cápita del hogar ($),$,2017,10,Los Lagos,210000,,,regional
casen_mediana_ypc,CASEN (MDSF),Mediana ingreso per cápita del hogar ($),$,2017,11,Aysén,310416.5,,,regional
casen_mediana_ypc,CASEN (MDSF),Mediana ingreso per cápita del hogar ($),$,2017,12,Magallanes,357324.5,,,regional
casen_mediana_ypc,CASEN (MDSF),Mediana ingreso per cápita del hogar ($),$,2017,13,Metropolitana,291708.25,,,regional
casen_mediana_ypc,CASEN (MDSF),Mediana ingreso per cápita del hogar ($),$,2017,14,Los Ríos,205941.67,,,regional
casen_mediana_ypc,CASEN (MDSF),Mediana ingreso per cápita del hogar ($),$,2017,15,Arica y Parinacota,227933,,,regional
casen_mediana_ypc,CASEN (MDSF),Mediana ingreso per cápita del hogar ($),$,2017,16,Ñuble,185910.75,,,regional
casen_mediana_ypc,CASEN (MDSF),Mediana ingreso per cápita del hogar ($),$,2022,0,Nacional,379375,,,regional
casen_mediana_ypc,CASEN (MDSF),Mediana ingreso per cápita del hogar ($),$,2022,1,Tarapacá,331050,,,regional
casen_mediana_ypc,CASEN (MDSF),Mediana ingreso per cápita del hogar ($),$,2022,2,Antofagasta,418812,,,regional
casen_mediana_ypc,CASEN (MDSF),Mediana ingreso per cápita del hogar ($),$,2022,3,Atacama,349778,,,regional
casen_mediana_ypc,CASEN (MDSF),Mediana ingreso per cápita del hogar ($),$,2022,4,Coquimbo,337500,,,regional
casen_mediana_ypc,CASEN (MDSF),Mediana ingreso per cápita del hogar ($),$,2022,5,Valparaíso,358392,,,regional
casen_mediana_ypc,CASEN (MDSF),Mediana ingreso per cápita del hogar ($),$,2022,6,O'Higgins,361460,,,regional
casen_mediana_ypc,CASEN (MDSF),Mediana ingreso per cápita del hogar ($),$,2022,7,Maule,316250,,,regional
casen_mediana_ypc,CASEN (MDSF),Mediana ingreso per cápita del hogar ($),$,2022,8,Biobío,342449,,,regional
casen_mediana_ypc,CASEN (MDSF),Mediana ingreso per cápita del hogar ($),$,2022,9,La Araucanía,297204,,,regional
casen_mediana_ypc,CASEN (MDSF),Mediana ingreso per cápita del hogar ($),$,2022,10,Los Lagos,354687,,,regional
casen_mediana_ypc,CASEN (MDSF),Mediana ingreso per cápita del hogar ($),$,2022,11,Aysén,458250,,,regional
casen_mediana_ypc,CASEN (MDSF),Mediana ingreso per cápita del hogar ($),$,2022,12,Magallanes,505752,,,regional
casen_mediana_ypc,CASEN (MDSF),Mediana ingreso per cápita del hogar ($),$,2022,13,Metropolitana,439018,,,regional
casen_mediana_ypc,CASEN (MDSF),Mediana ingreso per cápita del hogar ($),$,2022,14,Los Ríos,348357,,,regional
casen_mediana_ypc,CASEN (MDSF),Mediana ingreso per cápita del hogar ($),$,2022,15,Arica y Parinacota,344639,,,regional
casen_mediana_ypc,CASEN (MDSF),Mediana ingreso per cápita del hogar ($),$,2022,16,Ñuble,3e+05,,,regional
casen_mediana_ypc,CASEN (MDSF),Mediana ingreso per cápita del hogar ($),$,2024,0,Nacional,450000,,,regional
casen_mediana_ypc,CASEN (MDSF),Mediana ingreso per cápita del hogar ($),$,2024,1,Tarapacá,420000,,,regional
casen_mediana_ypc,CASEN (MDSF),Mediana ingreso per cápita del hogar ($),$,2024,2,Antofagasta,485000,,,regional
casen_mediana_ypc,CASEN (MDSF),Mediana ingreso per cápita del hogar ($),$,2024,3,Atacama,431418,,,regional
casen_mediana_ypc,CASEN (MDSF),Mediana ingreso per cápita del hogar ($),$,2024,4,Coquimbo,397679,,,regional
casen_mediana_ypc,CASEN (MDSF),Mediana ingreso per cápita del hogar ($),$,2024,5,Valparaíso,434969,,,regional
casen_mediana_ypc,CASEN (MDSF),Mediana ingreso per cápita del hogar ($),$,2024,6,O'Higgins,411810,,,regional
casen_mediana_ypc,CASEN (MDSF),Mediana ingreso per cápita del hogar ($),$,2024,7,Maule,365385,,,regional
casen_mediana_ypc,CASEN (MDSF),Mediana ingreso per cápita del hogar ($),$,2024,8,Biobío,400833,,,regional
casen_mediana_ypc,CASEN (MDSF),Mediana ingreso per cápita del hogar ($),$,2024,9,La Araucanía,345499,,,regional
casen_mediana_ypc,CASEN (MDSF),Mediana ingreso per cápita del hogar ($),$,2024,10,Los Lagos,428253,,,regional
casen_mediana_ypc,CASEN (MDSF),Mediana ingreso per cápita del hogar ($),$,2024,11,Aysén,544229,,,regional
casen_mediana_ypc,CASEN (MDSF),Mediana ingreso per cápita del hogar ($),$,2024,12,Magallanes,605622,,,regional
casen_mediana_ypc,CASEN (MDSF),Mediana ingreso per cápita del hogar ($),$,2024,13,Metropolitana,518000,,,regional
casen_mediana_ypc,CASEN (MDSF),Mediana ingreso per cápita del hogar ($),$,2024,14,Los Ríos,394958,,,regional
casen_mediana_ypc,CASEN (MDSF),Mediana ingreso per cápita del hogar ($),$,2024,15,Arica y Parinacota,401688,,,regional
casen_mediana_ypc,CASEN (MDSF),Mediana ingreso per cápita del hogar ($),$,2024,16,Ñuble,364500,,,regional
casen_pobreza_comp,CASEN (MDSF),Pobreza por ingresos — serie comparable (%),%,2013,0,Nacional,14.38,13.79,14.97,regional
casen_pobreza_comp,CASEN (MDSF),Pobreza por ingresos — serie comparable (%),%,2013,1,Tarapacá,8.23,6.61,9.85,regional
casen_pobreza_comp,CASEN (MDSF),Pobreza por ingresos — serie comparable (%),%,2013,2,Antofagasta,3.97,2.62,5.32,regional
casen_pobreza_comp,CASEN (MDSF),Pobreza por ingresos — serie comparable (%),%,2013,3,Atacama,7.26,4.74,9.78,regional
casen_pobreza_comp,CASEN (MDSF),Pobreza por ingresos — serie comparable (%),%,2013,4,Coquimbo,16.23,13.8,18.66,regional
casen_pobreza_comp,CASEN (MDSF),Pobreza por ingresos — serie comparable (%),%,2013,5,Valparaíso,15.59,13.65,17.53,regional
casen_pobreza_comp,CASEN (MDSF),Pobreza por ingresos — serie comparable (%),%,2013,6,O'Higgins,16.01,14.03,18,regional
casen_pobreza_comp,CASEN (MDSF),Pobreza por ingresos — serie comparable (%),%,2013,7,Maule,22.31,20.08,24.55,regional
casen_pobreza_comp,CASEN (MDSF),Pobreza por ingresos — serie comparable (%),%,2013,8,Biobío,22.33,20.39,24.26,regional
casen_pobreza_comp,CASEN (MDSF),Pobreza por ingresos — serie comparable (%),%,2013,9,La Araucanía,27.9,25.71,30.1,regional
casen_pobreza_comp,CASEN (MDSF),Pobreza por ingresos — serie comparable (%),%,2013,10,Los Lagos,17.62,15.51,19.74,regional
casen_pobreza_comp,CASEN (MDSF),Pobreza por ingresos — serie comparable (%),%,2013,11,Aysén,6.77,5.14,8.4,regional
casen_pobreza_comp,CASEN (MDSF),Pobreza por ingresos — serie comparable (%),%,2013,12,Magallanes,5.58,2.35,8.81,regional
casen_pobreza_comp,CASEN (MDSF),Pobreza por ingresos — serie comparable (%),%,2013,13,Metropolitana,9.17,8.18,10.16,regional
casen_pobreza_comp,CASEN (MDSF),Pobreza por ingresos — serie comparable (%),%,2013,14,Los Ríos,23.14,20.68,25.59,regional
casen_pobreza_comp,CASEN (MDSF),Pobreza por ingresos — serie comparable (%),%,2013,15,Arica y Parinacota,14.58,12.58,16.58,regional
casen_pobreza_comp,CASEN (MDSF),Pobreza por ingresos — serie comparable (%),%,2015,0,Nacional,11.67,11.24,12.1,regional
casen_pobreza_comp,CASEN (MDSF),Pobreza por ingresos — serie comparable (%),%,2015,1,Tarapacá,7.15,5.53,8.76,regional
casen_pobreza_comp,CASEN (MDSF),Pobreza por ingresos — serie comparable (%),%,2015,2,Antofagasta,5.41,3.56,7.26,regional
casen_pobreza_comp,CASEN (MDSF),Pobreza por ingresos — serie comparable (%),%,2015,3,Atacama,6.87,5.72,8.01,regional
casen_pobreza_comp,CASEN (MDSF),Pobreza por ingresos — serie comparable (%),%,2015,4,Coquimbo,13.8,12.37,15.23,regional
casen_pobreza_comp,CASEN (MDSF),Pobreza por ingresos — serie comparable (%),%,2015,5,Valparaíso,12.02,10.85,13.18,regional
casen_pobreza_comp,CASEN (MDSF),Pobreza por ingresos — serie comparable (%),%,2015,6,O'Higgins,13.74,12.04,15.44,regional
casen_pobreza_comp,CASEN (MDSF),Pobreza por ingresos — serie comparable (%),%,2015,7,Maule,18.68,17.02,20.35,regional
casen_pobreza_comp,CASEN (MDSF),Pobreza por ingresos — serie comparable (%),%,2015,8,Biobío,17.55,16.31,18.79,regional
casen_pobreza_comp,CASEN (MDSF),Pobreza por ingresos — serie comparable (%),%,2015,9,La Araucanía,23.58,21.75,25.4,regional
casen_pobreza_comp,CASEN (MDSF),Pobreza por ingresos — serie comparable (%),%,2015,10,Los Lagos,16.06,14.41,17.71,regional
casen_pobreza_comp,CASEN (MDSF),Pobreza por ingresos — serie comparable (%),%,2015,11,Aysén,6.47,4.02,8.92,regional
casen_pobreza_comp,CASEN (MDSF),Pobreza por ingresos — serie comparable (%),%,2015,12,Magallanes,4.41,2.9,5.93,regional
casen_pobreza_comp,CASEN (MDSF),Pobreza por ingresos — serie comparable (%),%,2015,13,Metropolitana,7.11,6.33,7.89,regional
casen_pobreza_comp,CASEN (MDSF),Pobreza por ingresos — serie comparable (%),%,2015,14,Los Ríos,16.75,14.1,19.4,regional
casen_pobreza_comp,CASEN (MDSF),Pobreza por ingresos — serie comparable (%),%,2015,15,Arica y Parinacota,9.72,7.15,12.29,regional
casen_pobreza_comp,CASEN (MDSF),Pobreza por ingresos — serie comparable (%),%,2017,0,Nacional,8.59,8.23,8.96,regional
casen_pobreza_comp,CASEN (MDSF),Pobreza por ingresos — serie comparable (%),%,2017,1,Tarapacá,6.4,5.3,7.5,regional
casen_pobreza_comp,CASEN (MDSF),Pobreza por ingresos — serie comparable (%),%,2017,2,Antofagasta,5.13,3.84,6.41,regional
casen_pobreza_comp,CASEN (MDSF),Pobreza por ingresos — serie comparable (%),%,2017,3,Atacama,7.91,6.05,9.78,regional
casen_pobreza_comp,CASEN (MDSF),Pobreza por ingresos — serie comparable (%),%,2017,4,Coquimbo,11.88,10.26,13.5,regional
casen_pobreza_comp,CASEN (MDSF),Pobreza por ingresos — serie comparable (%),%,2017,5,Valparaíso,7.1,6.3,7.91,regional
casen_pobreza_comp,CASEN (MDSF),Pobreza por ingresos — serie comparable (%),%,2017,6,O'Higgins,10.08,8.65,11.51,regional
casen_pobreza_comp,CASEN (MDSF),Pobreza por ingresos — serie comparable (%),%,2017,7,Maule,12.73,11.4,14.05,regional
casen_pobreza_comp,CASEN (MDSF),Pobreza por ingresos — serie comparable (%),%,2017,8,Biobío,12.32,10.93,13.7,regional
casen_pobreza_comp,CASEN (MDSF),Pobreza por ingresos — serie comparable (%),%,2017,9,La Araucanía,17.16,15.63,18.68,regional
casen_pobreza_comp,CASEN (MDSF),Pobreza por ingresos — serie comparable (%),%,2017,10,Los Lagos,11.7,10.06,13.34,regional
casen_pobreza_comp,CASEN (MDSF),Pobreza por ingresos — serie comparable (%),%,2017,11,Aysén,4.6,3.12,6.09,regional
casen_pobreza_comp,CASEN (MDSF),Pobreza por ingresos — serie comparable (%),%,2017,12,Magallanes,2.13,1.37,2.88,regional
casen_pobreza_comp,CASEN (MDSF),Pobreza por ingresos — serie comparable (%),%,2017,13,Metropolitana,5.37,4.73,6.01,regional
casen_pobreza_comp,CASEN (MDSF),Pobreza por ingresos — serie comparable (%),%,2017,14,Los Ríos,12.12,10.38,13.86,regional
casen_pobreza_comp,CASEN (MDSF),Pobreza por ingresos — serie comparable (%),%,2017,15,Arica y Parinacota,8.43,6.63,10.23,regional
casen_pobreza_comp,CASEN (MDSF),Pobreza por ingresos — serie comparable (%),%,2017,16,Ñuble,16.14,14.41,17.87,regional
casen_pobreza_comp,CASEN (MDSF),Pobreza por ingresos — serie comparable (%),%,2022,0,Nacional,6.5,6.22,6.78,regional
casen_pobreza_comp,CASEN (MDSF),Pobreza por ingresos — serie comparable (%),%,2022,1,Tarapacá,11.01,8.52,13.5,regional
casen_pobreza_comp,CASEN (MDSF),Pobreza por ingresos — serie comparable (%),%,2022,2,Antofagasta,7.63,6.33,8.93,regional
casen_pobreza_comp,CASEN (MDSF),Pobreza por ingresos — serie comparable (%),%,2022,3,Atacama,8.2,6.72,9.67,regional
casen_pobreza_comp,CASEN (MDSF),Pobreza por ingresos — serie comparable (%),%,2022,4,Coquimbo,7.92,6.67,9.16,regional
casen_pobreza_comp,CASEN (MDSF),Pobreza por ingresos — serie comparable (%),%,2022,5,Valparaíso,6.58,5.72,7.43,regional
casen_pobreza_comp,CASEN (MDSF),Pobreza por ingresos — serie comparable (%),%,2022,6,O'Higgins,7.02,6.12,7.93,regional
casen_pobreza_comp,CASEN (MDSF),Pobreza por ingresos — serie comparable (%),%,2022,7,Maule,8.64,7.64,9.65,regional
casen_pobreza_comp,CASEN (MDSF),Pobreza por ingresos — serie comparable (%),%,2022,8,Biobío,7.52,6.73,8.31,regional
casen_pobreza_comp,CASEN (MDSF),Pobreza por ingresos — serie comparable (%),%,2022,9,La Araucanía,11.57,10.31,12.82,regional
casen_pobreza_comp,CASEN (MDSF),Pobreza por ingresos — serie comparable (%),%,2022,10,Los Lagos,6.98,5.84,8.12,regional
casen_pobreza_comp,CASEN (MDSF),Pobreza por ingresos — serie comparable (%),%,2022,11,Aysén,4.01,2.38,5.64,regional
casen_pobreza_comp,CASEN (MDSF),Pobreza por ingresos — serie comparable (%),%,2022,12,Magallanes,3.45,1.77,5.13,regional
casen_pobreza_comp,CASEN (MDSF),Pobreza por ingresos — serie comparable (%),%,2022,13,Metropolitana,4.42,3.93,4.91,regional
casen_pobreza_comp,CASEN (MDSF),Pobreza por ingresos — serie comparable (%),%,2022,14,Los Ríos,5.86,4.92,6.8,regional
casen_pobreza_comp,CASEN (MDSF),Pobreza por ingresos — serie comparable (%),%,2022,15,Arica y Parinacota,9.17,7.34,11,regional
casen_pobreza_comp,CASEN (MDSF),Pobreza por ingresos — serie comparable (%),%,2022,16,Ñuble,12.09,10.57,13.61,regional
casen_pobreza_comp,CASEN (MDSF),Pobreza por ingresos — serie comparable (%),%,2024,0,Nacional,4.89,4.68,5.11,regional
casen_pobreza_comp,CASEN (MDSF),Pobreza por ingresos — serie comparable (%),%,2024,1,Tarapacá,7.51,5.93,9.1,regional
casen_pobreza_comp,CASEN (MDSF),Pobreza por ingresos — serie comparable (%),%,2024,2,Antofagasta,5,3.99,6,regional
casen_pobreza_comp,CASEN (MDSF),Pobreza por ingresos — serie comparable (%),%,2024,3,Atacama,5.58,4.41,6.74,regional
casen_pobreza_comp,CASEN (MDSF),Pobreza por ingresos — serie comparable (%),%,2024,4,Coquimbo,6.7,5.56,7.84,regional
casen_pobreza_comp,CASEN (MDSF),Pobreza por ingresos — serie comparable (%),%,2024,5,Valparaíso,4.72,4.1,5.35,regional
casen_pobreza_comp,CASEN (MDSF),Pobreza por ingresos — serie comparable (%),%,2024,6,O'Higgins,5.08,4.29,5.88,regional
casen_pobreza_comp,CASEN (MDSF),Pobreza por ingresos — serie comparable (%),%,2024,7,Maule,7.71,6.78,8.63,regional
casen_pobreza_comp,CASEN (MDSF),Pobreza por ingresos — serie comparable (%),%,2024,8,Biobío,5.46,4.82,6.09,regional
casen_pobreza_comp,CASEN (MDSF),Pobreza por ingresos — serie comparable (%),%,2024,9,La Araucanía,10.09,8.94,11.24,regional
casen_pobreza_comp,CASEN (MDSF),Pobreza por ingresos — serie comparable (%),%,2024,10,Los Lagos,4.24,3.4,5.07,regional
casen_pobreza_comp,CASEN (MDSF),Pobreza por ingresos — serie comparable (%),%,2024,11,Aysén,2.99,1.95,4.02,regional
casen_pobreza_comp,CASEN (MDSF),Pobreza por ingresos — serie comparable (%),%,2024,12,Magallanes,2.49,1.6,3.38,regional
casen_pobreza_comp,CASEN (MDSF),Pobreza por ingresos — serie comparable (%),%,2024,13,Metropolitana,3.26,2.89,3.63,regional
casen_pobreza_comp,CASEN (MDSF),Pobreza por ingresos — serie comparable (%),%,2024,14,Los Ríos,5.55,4.52,6.57,regional
casen_pobreza_comp,CASEN (MDSF),Pobreza por ingresos — serie comparable (%),%,2024,15,Arica y Parinacota,7.7,5.9,9.5,regional
casen_pobreza_comp,CASEN (MDSF),Pobreza por ingresos — serie comparable (%),%,2024,16,Ñuble,7.97,6.82,9.13,regional
casen_pobreza_extrema_comp,CASEN (MDSF),Pobreza extrema — serie comparable (%),%,2013,0,Nacional,4.51,4.22,4.81,nacional
casen_pobreza_extrema_comp,CASEN (MDSF),Pobreza extrema — serie comparable (%),%,2015,0,Nacional,3.54,3.32,3.76,nacional
casen_pobreza_extrema_comp,CASEN (MDSF),Pobreza extrema — serie comparable (%),%,2017,0,Nacional,2.32,2.15,2.5,nacional
casen_pobreza_extrema_comp,CASEN (MDSF),Pobreza extrema — serie comparable (%),%,2022,0,Nacional,2,1.85,2.15,nacional
casen_pobreza_extrema_comp,CASEN (MDSF),Pobreza extrema — serie comparable (%),%,2024,0,Nacional,1.48,1.37,1.6,nacional
casen_pobreza_extrema_n24,CASEN (MDSF),Pobreza extrema — metodología 2024 (%),%,2022,0,Nacional,8.48,8.18,8.77,nacional
casen_pobreza_extrema_n24,CASEN (MDSF),Pobreza extrema — metodología 2024 (%),%,2024,0,Nacional,6.87,6.62,7.11,nacional
casen_pobreza_n24,CASEN (MDSF),Pobreza por ingresos — metodología 2024 (%),%,2022,0,Nacional,20.49,20.03,20.96,regional
casen_pobreza_n24,CASEN (MDSF),Pobreza por ingresos — metodología 2024 (%),%,2022,1,Tarapacá,26.79,23.99,29.58,regional
casen_pobreza_n24,CASEN (MDSF),Pobreza por ingresos — metodología 2024 (%),%,2022,2,Antofagasta,19.54,17.53,21.55,regional
casen_pobreza_n24,CASEN (MDSF),Pobreza por ingresos — metodología 2024 (%),%,2022,3,Atacama,21.19,19.23,23.15,regional
casen_pobreza_n24,CASEN (MDSF),Pobreza por ingresos — metodología 2024 (%),%,2022,4,Coquimbo,24.26,22.25,26.27,regional
casen_pobreza_n24,CASEN (MDSF),Pobreza por ingresos — metodología 2024 (%),%,2022,5,Valparaíso,20.94,19.69,22.2,regional
casen_pobreza_n24,CASEN (MDSF),Pobreza por ingresos — metodología 2024 (%),%,2022,6,O'Higgins,21.06,19.6,22.52,regional
casen_pobreza_n24,CASEN (MDSF),Pobreza por ingresos — metodología 2024 (%),%,2022,7,Maule,26.13,24.51,27.74,regional
casen_pobreza_n24,CASEN (MDSF),Pobreza por ingresos — metodología 2024 (%),%,2022,8,Biobío,22.02,20.74,23.3,regional
casen_pobreza_n24,CASEN (MDSF),Pobreza por ingresos — metodología 2024 (%),%,2022,9,La Araucanía,31.97,30.23,33.71,regional
casen_pobreza_n24,CASEN (MDSF),Pobreza por ingresos — metodología 2024 (%),%,2022,10,Los Lagos,21.44,19.7,23.18,regional
casen_pobreza_n24,CASEN (MDSF),Pobreza por ingresos — metodología 2024 (%),%,2022,11,Aysén,14.94,12.8,17.09,regional
casen_pobreza_n24,CASEN (MDSF),Pobreza por ingresos — metodología 2024 (%),%,2022,12,Magallanes,14.71,12.04,17.37,regional
casen_pobreza_n24,CASEN (MDSF),Pobreza por ingresos — metodología 2024 (%),%,2022,13,Metropolitana,16.53,15.67,17.4,regional
casen_pobreza_n24,CASEN (MDSF),Pobreza por ingresos — metodología 2024 (%),%,2022,14,Los Ríos,20.81,19.24,22.38,regional
casen_pobreza_n24,CASEN (MDSF),Pobreza por ingresos — metodología 2024 (%),%,2022,15,Arica y Parinacota,25.3,22.75,27.86,regional
casen_pobreza_n24,CASEN (MDSF),Pobreza por ingresos — metodología 2024 (%),%,2022,16,Ñuble,29.65,27.63,31.66,regional
casen_pobreza_n24,CASEN (MDSF),Pobreza por ingresos — metodología 2024 (%),%,2024,0,Nacional,17.29,16.9,17.68,regional
casen_pobreza_n24,CASEN (MDSF),Pobreza por ingresos — metodología 2024 (%),%,2024,1,Tarapacá,20.81,18.34,23.28,regional
casen_pobreza_n24,CASEN (MDSF),Pobreza por ingresos — metodología 2024 (%),%,2024,2,Antofagasta,16.39,14.75,18.02,regional
casen_pobreza_n24,CASEN (MDSF),Pobreza por ingresos — metodología 2024 (%),%,2024,3,Atacama,18.58,16.91,20.25,regional
casen_pobreza_n24,CASEN (MDSF),Pobreza por ingresos — metodología 2024 (%),%,2024,4,Coquimbo,20.67,18.95,22.4,regional
casen_pobreza_n24,CASEN (MDSF),Pobreza por ingresos — metodología 2024 (%),%,2024,5,Valparaíso,17.79,16.58,19,regional
casen_pobreza_n24,CASEN (MDSF),Pobreza por ingresos — metodología 2024 (%),%,2024,6,O'Higgins,17.86,16.48,19.23,regional
casen_pobreza_n24,CASEN (MDSF),Pobreza por ingresos — metodología 2024 (%),%,2024,7,Maule,24.34,22.85,25.83,regional
casen_pobreza_n24,CASEN (MDSF),Pobreza por ingresos — metodología 2024 (%),%,2024,8,Biobío,19.27,18.16,20.38,regional
casen_pobreza_n24,CASEN (MDSF),Pobreza por ingresos — metodología 2024 (%),%,2024,9,La Araucanía,28.59,27,30.18,regional
casen_pobreza_n24,CASEN (MDSF),Pobreza por ingresos — metodología 2024 (%),%,2024,10,Los Lagos,16.48,15.06,17.9,regional
casen_pobreza_n24,CASEN (MDSF),Pobreza por ingresos — metodología 2024 (%),%,2024,11,Aysén,14.33,12.13,16.54,regional
casen_pobreza_n24,CASEN (MDSF),Pobreza por ingresos — metodología 2024 (%),%,2024,12,Magallanes,9.94,8.43,11.45,regional
casen_pobreza_n24,CASEN (MDSF),Pobreza por ingresos — metodología 2024 (%),%,2024,13,Metropolitana,13.34,12.63,14.06,regional
casen_pobreza_n24,CASEN (MDSF),Pobreza por ingresos — metodología 2024 (%),%,2024,14,Los Ríos,22.27,20.43,24.11,regional
casen_pobreza_n24,CASEN (MDSF),Pobreza por ingresos — metodología 2024 (%),%,2024,15,Arica y Parinacota,21.43,19.09,23.77,regional
casen_pobreza_n24,CASEN (MDSF),Pobreza por ingresos — metodología 2024 (%),%,2024,16,Ñuble,23.9,22.21,25.58,regional
casen_ratio_90_10,CASEN (MDSF),Desigualdad p90/p10 (veces),veces,2013,0,Nacional,6.83,,,nacional
casen_ratio_90_10,CASEN (MDSF),Desigualdad p90/p10 (veces),veces,2015,0,Nacional,6.51,,,nacional
casen_ratio_90_10,CASEN (MDSF),Desigualdad p90/p10 (veces),veces,2017,0,Nacional,6.43,,,nacional
casen_ratio_90_10,CASEN (MDSF),Desigualdad p90/p10 (veces),veces,2022,0,Nacional,6.37,,,nacional
casen_ratio_90_10,CASEN (MDSF),Desigualdad p90/p10 (veces),veces,2024,0,Nacional,6.43,,,nacional
den_est,ENUSC 2024 (INE),Tasa de denuncia: estafa (%),%,2024,0,Nacional,24.36,19.9,28.82,regional
den_est,ENUSC 2024 (INE),Tasa de denuncia: estafa (%),%,2024,1,Tarapacá,15.88,7.85,23.91,regional
den_est,ENUSC 2024 (INE),Tasa de denuncia: estafa (%),%,2024,2,Antofagasta,24.08,12.52,35.65,regional
den_est,ENUSC 2024 (INE),Tasa de denuncia: estafa (%),%,2024,3,Atacama,35.65,18.98,52.33,regional
den_est,ENUSC 2024 (INE),Tasa de denuncia: estafa (%),%,2024,4,Coquimbo,14.05,2.36,25.75,regional
den_est,ENUSC 2024 (INE),Tasa de denuncia: estafa (%),%,2024,5,Valparaíso,22.3,12.62,31.97,regional
den_est,ENUSC 2024 (INE),Tasa de denuncia: estafa (%),%,2024,6,O'Higgins,29.23,14.37,44.08,regional
den_est,ENUSC 2024 (INE),Tasa de denuncia: estafa (%),%,2024,7,Maule,36.24,20.26,52.22,regional
den_est,ENUSC 2024 (INE),Tasa de denuncia: estafa (%),%,2024,8,Biobío,23.6,13.94,33.27,regional
den_est,ENUSC 2024 (INE),Tasa de denuncia: estafa (%),%,2024,9,La Araucanía,31.91,20.43,43.39,regional
den_est,ENUSC 2024 (INE),Tasa de denuncia: estafa (%),%,2024,10,Los Lagos,18.81,4.46,33.16,regional
den_est,ENUSC 2024 (INE),Tasa de denuncia: estafa (%),%,2024,11,Aysén,24.09,7.94,40.24,regional
den_est,ENUSC 2024 (INE),Tasa de denuncia: estafa (%),%,2024,12,Magallanes,22.91,9.78,36.05,regional
den_est,ENUSC 2024 (INE),Tasa de denuncia: estafa (%),%,2024,13,Metropolitana,25.8,17.75,33.85,regional
den_est,ENUSC 2024 (INE),Tasa de denuncia: estafa (%),%,2024,14,Los Ríos,24.9,9.6,40.19,regional
den_est,ENUSC 2024 (INE),Tasa de denuncia: estafa (%),%,2024,15,Arica y Parinacota,9.82,2.77,16.88,regional
den_est,ENUSC 2024 (INE),Tasa de denuncia: estafa (%),%,2024,16,Ñuble,15.17,2.48,27.87,regional
den_hur,ENUSC 2024 (INE),Tasa de denuncia: hurto (%),%,2024,0,Nacional,20.34,17.5,23.17,regional
den_hur,ENUSC 2024 (INE),Tasa de denuncia: hurto (%),%,2024,1,Tarapacá,12.39,3.98,20.8,regional
den_hur,ENUSC 2024 (INE),Tasa de denuncia: hurto (%),%,2024,2,Antofagasta,18.1,5.88,30.32,regional
den_hur,ENUSC 2024 (INE),Tasa de denuncia: hurto (%),%,2024,3,Atacama,37.39,16.37,58.41,regional
den_hur,ENUSC 2024 (INE),Tasa de denuncia: hurto (%),%,2024,4,Coquimbo,27.82,17.31,38.32,regional
den_hur,ENUSC 2024 (INE),Tasa de denuncia: hurto (%),%,2024,5,Valparaíso,19.67,14.01,25.33,regional
den_hur,ENUSC 2024 (INE),Tasa de denuncia: hurto (%),%,2024,6,O'Higgins,27,15.87,38.13,regional
den_hur,ENUSC 2024 (INE),Tasa de denuncia: hurto (%),%,2024,7,Maule,23.82,10.38,37.26,regional
den_hur,ENUSC 2024 (INE),Tasa de denuncia: hurto (%),%,2024,8,Biobío,22.91,11.83,33.98,regional
den_hur,ENUSC 2024 (INE),Tasa de denuncia: hurto (%),%,2024,9,La Araucanía,25.56,14.22,36.9,regional
den_hur,ENUSC 2024 (INE),Tasa de denuncia: hurto (%),%,2024,10,Los Lagos,25.53,13.63,37.44,regional
den_hur,ENUSC 2024 (INE),Tasa de denuncia: hurto (%),%,2024,11,Aysén,25.37,-1.96,52.7,regional
den_hur,ENUSC 2024 (INE),Tasa de denuncia: hurto (%),%,2024,12,Magallanes,20.81,2.91,38.71,regional
den_hur,ENUSC 2024 (INE),Tasa de denuncia: hurto (%),%,2024,13,Metropolitana,19.15,14.89,23.41,regional
den_hur,ENUSC 2024 (INE),Tasa de denuncia: hurto (%),%,2024,14,Los Ríos,12.78,2.47,23.09,regional
den_hur,ENUSC 2024 (INE),Tasa de denuncia: hurto (%),%,2024,15,Arica y Parinacota,24.26,13.31,35.22,regional
den_hur,ENUSC 2024 (INE),Tasa de denuncia: hurto (%),%,2024,16,Ñuble,21.98,12.09,31.86,regional
den_rddv,ENUSC 2024 (INE),Tasa de denuncia: robo desde vehículo (%),%,2024,0,Nacional,22.05,18.96,25.15,regional
den_rddv,ENUSC 2024 (INE),Tasa de denuncia: robo desde vehículo (%),%,2024,1,Tarapacá,10.87,7.04,14.69,regional
den_rddv,ENUSC 2024 (INE),Tasa de denuncia: robo desde vehículo (%),%,2024,2,Antofagasta,17.68,9.04,26.31,regional
den_rddv,ENUSC 2024 (INE),Tasa de denuncia: robo desde vehículo (%),%,2024,3,Atacama,29.82,18.57,41.06,regional
den_rddv,ENUSC 2024 (INE),Tasa de denuncia: robo desde vehículo (%),%,2024,4,Coquimbo,19.68,11.94,27.42,regional
den_rddv,ENUSC 2024 (INE),Tasa de denuncia: robo desde vehículo (%),%,2024,5,Valparaíso,21.13,14.78,27.48,regional
den_rddv,ENUSC 2024 (INE),Tasa de denuncia: robo desde vehículo (%),%,2024,6,O'Higgins,20.55,12.09,29.02,regional
den_rddv,ENUSC 2024 (INE),Tasa de denuncia: robo desde vehículo (%),%,2024,7,Maule,20.75,10.09,31.41,regional
den_rddv,ENUSC 2024 (INE),Tasa de denuncia: robo desde vehículo (%),%,2024,8,Biobío,27.81,19.83,35.8,regional
den_rddv,ENUSC 2024 (INE),Tasa de denuncia: robo desde vehículo (%),%,2024,9,La Araucanía,28.72,16.37,41.07,regional
den_rddv,ENUSC 2024 (INE),Tasa de denuncia: robo desde vehículo (%),%,2024,10,Los Lagos,19.57,9.74,29.39,regional
den_rddv,ENUSC 2024 (INE),Tasa de denuncia: robo desde vehículo (%),%,2024,11,Aysén,28.38,6.39,50.37,regional
den_rddv,ENUSC 2024 (INE),Tasa de denuncia: robo desde vehículo (%),%,2024,12,Magallanes,11.1,0.56,21.63,regional
den_rddv,ENUSC 2024 (INE),Tasa de denuncia: robo desde vehículo (%),%,2024,13,Metropolitana,23.03,17.8,28.25,regional
den_rddv,ENUSC 2024 (INE),Tasa de denuncia: robo desde vehículo (%),%,2024,14,Los Ríos,27.77,17.63,37.91,regional
den_rddv,ENUSC 2024 (INE),Tasa de denuncia: robo desde vehículo (%),%,2024,15,Arica y Parinacota,14.47,9.5,19.43,regional
den_rddv,ENUSC 2024 (INE),Tasa de denuncia: robo desde vehículo (%),%,2024,16,Ñuble,28.31,17.07,39.54,regional
den_rfv,ENUSC 2024 (INE),Tasa de denuncia: robo en la vivienda (%),%,2024,0,Nacional,39.82,35.29,44.36,regional
den_rfv,ENUSC 2024 (INE),Tasa de denuncia: robo en la vivienda (%),%,2024,1,Tarapacá,39.97,19.66,60.29,regional
den_rfv,ENUSC 2024 (INE),Tasa de denuncia: robo en la vivienda (%),%,2024,2,Antofagasta,40.49,21.42,59.56,regional
den_rfv,ENUSC 2024 (INE),Tasa de denuncia: robo en la vivienda (%),%,2024,3,Atacama,29.76,14.59,44.93,regional
den_rfv,ENUSC 2024 (INE),Tasa de denuncia: robo en la vivienda (%),%,2024,4,Coquimbo,64.91,46.58,83.25,regional
den_rfv,ENUSC 2024 (INE),Tasa de denuncia: robo en la vivienda (%),%,2024,5,Valparaíso,38.53,25.78,51.29,regional
den_rfv,ENUSC 2024 (INE),Tasa de denuncia: robo en la vivienda (%),%,2024,6,O'Higgins,38.68,25.09,52.27,regional
den_rfv,ENUSC 2024 (INE),Tasa de denuncia: robo en la vivienda (%),%,2024,7,Maule,50.09,35.93,64.25,regional
den_rfv,ENUSC 2024 (INE),Tasa de denuncia: robo en la vivienda (%),%,2024,8,Biobío,46.39,34.57,58.21,regional
den_rfv,ENUSC 2024 (INE),Tasa de denuncia: robo en la vivienda (%),%,2024,9,La Araucanía,54.08,35.71,72.44,regional
den_rfv,ENUSC 2024 (INE),Tasa de denuncia: robo en la vivienda (%),%,2024,10,Los Lagos,29.79,13.63,45.94,regional
den_rfv,ENUSC 2024 (INE),Tasa de denuncia: robo en la vivienda (%),%,2024,11,Aysén,21.01,-2.4,44.42,regional
den_rfv,ENUSC 2024 (INE),Tasa de denuncia: robo en la vivienda (%),%,2024,12,Magallanes,65.52,-1.02,132.06,regional
den_rfv,ENUSC 2024 (INE),Tasa de denuncia: robo en la vivienda (%),%,2024,13,Metropolitana,35.64,26.98,44.29,regional
den_rfv,ENUSC 2024 (INE),Tasa de denuncia: robo en la vivienda (%),%,2024,14,Los Ríos,45.12,32.86,57.38,regional
den_rfv,ENUSC 2024 (INE),Tasa de denuncia: robo en la vivienda (%),%,2024,15,Arica y Parinacota,44.33,20.29,68.37,regional
den_rfv,ENUSC 2024 (INE),Tasa de denuncia: robo en la vivienda (%),%,2024,16,Ñuble,33.3,19.79,46.82,regional
den_rps,ENUSC 2024 (INE),Tasa de denuncia: robo por sorpresa (%),%,2024,0,Nacional,31.11,26.57,35.65,regional
den_rps,ENUSC 2024 (INE),Tasa de denuncia: robo por sorpresa (%),%,2024,1,Tarapacá,19.51,5.42,33.6,regional
den_rps,ENUSC 2024 (INE),Tasa de denuncia: robo por sorpresa (%),%,2024,2,Antofagasta,23.95,7.54,40.35,regional
den_rps,ENUSC 2024 (INE),Tasa de denuncia: robo por sorpresa (%),%,2024,3,Atacama,32.49,6.35,58.63,regional
den_rps,ENUSC 2024 (INE),Tasa de denuncia: robo por sorpresa (%),%,2024,4,Coquimbo,41.82,19.19,64.46,regional
den_rps,ENUSC 2024 (INE),Tasa de denuncia: robo por sorpresa (%),%,2024,5,Valparaíso,23.7,14.67,32.73,regional
den_rps,ENUSC 2024 (INE),Tasa de denuncia: robo por sorpresa (%),%,2024,6,O'Higgins,54.24,30.32,78.17,regional
den_rps,ENUSC 2024 (INE),Tasa de denuncia: robo por sorpresa (%),%,2024,7,Maule,7.62,-6.56,21.79,regional
den_rps,ENUSC 2024 (INE),Tasa de denuncia: robo por sorpresa (%),%,2024,8,Biobío,26.61,12.63,40.58,regional
den_rps,ENUSC 2024 (INE),Tasa de denuncia: robo por sorpresa (%),%,2024,9,La Araucanía,24.88,1.47,48.28,regional
den_rps,ENUSC 2024 (INE),Tasa de denuncia: robo por sorpresa (%),%,2024,10,Los Lagos,26.46,1.89,51.04,regional
den_rps,ENUSC 2024 (INE),Tasa de denuncia: robo por sorpresa (%),%,2024,12,Magallanes,72.59,29.51,115.67,regional
den_rps,ENUSC 2024 (INE),Tasa de denuncia: robo por sorpresa (%),%,2024,13,Metropolitana,32.19,26.35,38.04,regional
den_rps,ENUSC 2024 (INE),Tasa de denuncia: robo por sorpresa (%),%,2024,14,Los Ríos,33.52,11.6,55.44,regional
den_rps,ENUSC 2024 (INE),Tasa de denuncia: robo por sorpresa (%),%,2024,15,Arica y Parinacota,33.43,10.64,56.21,regional
den_rps,ENUSC 2024 (INE),Tasa de denuncia: robo por sorpresa (%),%,2024,16,Ñuble,39.5,16.94,62.06,regional
den_rvi,ENUSC 2024 (INE),Tasa de denuncia: robo con violencia (%),%,2024,0,Nacional,41.59,37.04,46.14,regional
den_rvi,ENUSC 2024 (INE),Tasa de denuncia: robo con violencia (%),%,2024,1,Tarapacá,43.81,28.88,58.75,regional
den_rvi,ENUSC 2024 (INE),Tasa de denuncia: robo con violencia (%),%,2024,2,Antofagasta,58.41,35.54,81.27,regional
den_rvi,ENUSC 2024 (INE),Tasa de denuncia: robo con violencia (%),%,2024,3,Atacama,48.32,24.06,72.58,regional
den_rvi,ENUSC 2024 (INE),Tasa de denuncia: robo con violencia (%),%,2024,4,Coquimbo,71.55,49,94.1,regional
den_rvi,ENUSC 2024 (INE),Tasa de denuncia: robo con violencia (%),%,2024,5,Valparaíso,38.5,25.94,51.06,regional
den_rvi,ENUSC 2024 (INE),Tasa de denuncia: robo con violencia (%),%,2024,6,O'Higgins,45.18,24.2,66.17,regional
den_rvi,ENUSC 2024 (INE),Tasa de denuncia: robo con violencia (%),%,2024,7,Maule,80.66,61.51,99.82,regional
den_rvi,ENUSC 2024 (INE),Tasa de denuncia: robo con violencia (%),%,2024,8,Biobío,36.2,23.52,48.89,regional
den_rvi,ENUSC 2024 (INE),Tasa de denuncia: robo con violencia (%),%,2024,9,La Araucanía,31.66,3.83,59.48,regional
den_rvi,ENUSC 2024 (INE),Tasa de denuncia: robo con violencia (%),%,2024,10,Los Lagos,61.76,33.84,89.68,regional
den_rvi,ENUSC 2024 (INE),Tasa de denuncia: robo con violencia (%),%,2024,11,Aysén,100,100,100,regional
den_rvi,ENUSC 2024 (INE),Tasa de denuncia: robo con violencia (%),%,2024,12,Magallanes,43.36,-7.01,93.73,regional
den_rvi,ENUSC 2024 (INE),Tasa de denuncia: robo con violencia (%),%,2024,13,Metropolitana,39.72,33.94,45.49,regional
den_rvi,ENUSC 2024 (INE),Tasa de denuncia: robo con violencia (%),%,2024,14,Los Ríos,26.16,-4.92,57.25,regional
den_rvi,ENUSC 2024 (INE),Tasa de denuncia: robo con violencia (%),%,2024,15,Arica y Parinacota,50.21,32.98,67.45,regional
den_rvi,ENUSC 2024 (INE),Tasa de denuncia: robo con violencia (%),%,2024,16,Ñuble,50.66,23.29,78.03,regional
enusc_hur,ENUSC (INE),Hurto (%),%,2008,0,Nacional,10.29,9.61,10.98,regional
enusc_hur,ENUSC (INE),Hurto (%),%,2009,0,Nacional,9.15,8.51,9.79,regional
enusc_hur,ENUSC (INE),Hurto (%),%,2010,0,Nacional,9.2,8.5,9.9,regional
enusc_hur,ENUSC (INE),Hurto (%),%,2011,0,Nacional,9.56,8.89,10.22,regional
enusc_hur,ENUSC (INE),Hurto (%),%,2012,0,Nacional,8.58,7.88,9.29,regional
enusc_hur,ENUSC (INE),Hurto (%),%,2013,0,Nacional,8.64,7.92,9.36,regional
enusc_hur,ENUSC (INE),Hurto (%),%,2014,0,Nacional,9.78,8.84,10.72,regional
enusc_hur,ENUSC (INE),Hurto (%),%,2015,0,Nacional,9.71,8.95,10.47,regional
enusc_hur,ENUSC (INE),Hurto (%),%,2016,0,Nacional,9.64,9.05,10.24,regional
enusc_hur,ENUSC (INE),Hurto (%),%,2017,0,Nacional,10.2,9.56,10.85,regional
enusc_hur,ENUSC (INE),Hurto (%),%,2018,0,Nacional,9.69,9.19,10.18,regional
enusc_hur,ENUSC (INE),Hurto (%),%,2018,1,Tarapacá,9.08,6.71,11.44,regional
enusc_hur,ENUSC (INE),Hurto (%),%,2018,2,Antofagasta,5.87,4.22,7.51,regional
enusc_hur,ENUSC (INE),Hurto (%),%,2018,3,Atacama,9.94,8.18,11.69,regional
enusc_hur,ENUSC (INE),Hurto (%),%,2018,4,Coquimbo,5.74,4.25,7.22,regional
enusc_hur,ENUSC (INE),Hurto (%),%,2018,5,Valparaíso,10.83,9.46,12.2,regional
enusc_hur,ENUSC (INE),Hurto (%),%,2018,6,O'Higgins,9.43,8.14,10.72,regional
enusc_hur,ENUSC (INE),Hurto (%),%,2018,7,Maule,6.57,4.78,8.36,regional
enusc_hur,ENUSC (INE),Hurto (%),%,2018,8,Biobío,9.18,7.52,10.83,regional
enusc_hur,ENUSC (INE),Hurto (%),%,2018,9,La Araucanía,8.06,5.28,10.84,regional
enusc_hur,ENUSC (INE),Hurto (%),%,2018,10,Los Lagos,6.19,4.53,7.84,regional
enusc_hur,ENUSC (INE),Hurto (%),%,2018,11,Aysén,6.17,3.71,8.64,regional
enusc_hur,ENUSC (INE),Hurto (%),%,2018,12,Magallanes,2.57,1.02,4.12,regional
enusc_hur,ENUSC (INE),Hurto (%),%,2018,13,Metropolitana,11.35,10.48,12.22,regional
enusc_hur,ENUSC (INE),Hurto (%),%,2018,14,Los Ríos,12.16,10,14.32,regional
enusc_hur,ENUSC (INE),Hurto (%),%,2018,15,Arica y Parinacota,6.39,4.51,8.28,regional
enusc_hur,ENUSC (INE),Hurto (%),%,2018,16,Ñuble,8.21,5.02,11.4,regional
enusc_hur,ENUSC (INE),Hurto (%),%,2019,0,Nacional,9,8.24,9.75,regional
enusc_hur,ENUSC (INE),Hurto (%),%,2019,1,Tarapacá,8.15,6.84,9.47,regional
enusc_hur,ENUSC (INE),Hurto (%),%,2019,2,Antofagasta,8.42,3.51,13.33,regional
enusc_hur,ENUSC (INE),Hurto (%),%,2019,3,Atacama,5.75,4.48,7.02,regional
enusc_hur,ENUSC (INE),Hurto (%),%,2019,4,Coquimbo,7.42,5.58,9.26,regional
enusc_hur,ENUSC (INE),Hurto (%),%,2019,5,Valparaíso,7.69,6.13,9.26,regional
enusc_hur,ENUSC (INE),Hurto (%),%,2019,6,O'Higgins,9.94,6.57,13.31,regional
enusc_hur,ENUSC (INE),Hurto (%),%,2019,7,Maule,7.22,5.57,8.86,regional
enusc_hur,ENUSC (INE),Hurto (%),%,2019,8,Biobío,8.34,7.02,9.65,regional
enusc_hur,ENUSC (INE),Hurto (%),%,2019,9,La Araucanía,11.03,6.9,15.16,regional
enusc_hur,ENUSC (INE),Hurto (%),%,2019,10,Los Lagos,6.25,4.28,8.21,regional
enusc_hur,ENUSC (INE),Hurto (%),%,2019,11,Aysén,3.37,1.78,4.96,regional
enusc_hur,ENUSC (INE),Hurto (%),%,2019,12,Magallanes,4.55,2.74,6.35,regional
enusc_hur,ENUSC (INE),Hurto (%),%,2019,13,Metropolitana,10.25,8.83,11.68,regional
enusc_hur,ENUSC (INE),Hurto (%),%,2019,14,Los Ríos,9.25,7.06,11.43,regional
enusc_hur,ENUSC (INE),Hurto (%),%,2019,15,Arica y Parinacota,8.78,6.8,10.75,regional
enusc_hur,ENUSC (INE),Hurto (%),%,2019,16,Ñuble,7.04,5.52,8.57,regional
enusc_hur,ENUSC (INE),Hurto (%),%,2020,0,Nacional,4.7,4.25,5.15,regional
enusc_hur,ENUSC (INE),Hurto (%),%,2020,1,Tarapacá,3.65,1.81,5.5,regional
enusc_hur,ENUSC (INE),Hurto (%),%,2020,2,Antofagasta,4.64,1.87,7.41,regional
enusc_hur,ENUSC (INE),Hurto (%),%,2020,3,Atacama,3.11,1.7,4.53,regional
enusc_hur,ENUSC (INE),Hurto (%),%,2020,4,Coquimbo,6.18,4.53,7.83,regional
enusc_hur,ENUSC (INE),Hurto (%),%,2020,5,Valparaíso,4.92,3.77,6.07,regional
enusc_hur,ENUSC (INE),Hurto (%),%,2020,6,O'Higgins,2.73,1.13,4.33,regional
enusc_hur,ENUSC (INE),Hurto (%),%,2020,7,Maule,3.68,2.17,5.19,regional
enusc_hur,ENUSC (INE),Hurto (%),%,2020,8,Biobío,3.49,2.42,4.57,regional
enusc_hur,ENUSC (INE),Hurto (%),%,2020,9,La Araucanía,6.83,4.2,9.45,regional
enusc_hur,ENUSC (INE),Hurto (%),%,2020,10,Los Lagos,5.52,4.11,6.92,regional
enusc_hur,ENUSC (INE),Hurto (%),%,2020,11,Aysén,2.43,1.52,3.33,regional
enusc_hur,ENUSC (INE),Hurto (%),%,2020,12,Magallanes,1.47,0.43,2.52,regional
enusc_hur,ENUSC (INE),Hurto (%),%,2020,13,Metropolitana,4.85,4.08,5.63,regional
enusc_hur,ENUSC (INE),Hurto (%),%,2020,14,Los Ríos,3.94,1.94,5.94,regional
enusc_hur,ENUSC (INE),Hurto (%),%,2020,15,Arica y Parinacota,4.58,2.46,6.7,regional
enusc_hur,ENUSC (INE),Hurto (%),%,2020,16,Ñuble,8.12,5.13,11.11,regional
enusc_hur,ENUSC (INE),Hurto (%),%,2021,0,Nacional,4.53,3.96,5.1,regional
enusc_hur,ENUSC (INE),Hurto (%),%,2021,1,Tarapacá,3.68,2.35,5,regional
enusc_hur,ENUSC (INE),Hurto (%),%,2021,2,Antofagasta,2.56,1.1,4.03,regional
enusc_hur,ENUSC (INE),Hurto (%),%,2021,3,Atacama,4.14,1.43,6.85,regional
enusc_hur,ENUSC (INE),Hurto (%),%,2021,4,Coquimbo,3.87,2.81,4.92,regional
enusc_hur,ENUSC (INE),Hurto (%),%,2021,5,Valparaíso,5.15,3.74,6.56,regional
enusc_hur,ENUSC (INE),Hurto (%),%,2021,6,O'Higgins,3.09,1.97,4.21,regional
enusc_hur,ENUSC (INE),Hurto (%),%,2021,7,Maule,1.85,0.99,2.72,regional
enusc_hur,ENUSC (INE),Hurto (%),%,2021,8,Biobío,3.15,2.07,4.24,regional
enusc_hur,ENUSC (INE),Hurto (%),%,2021,9,La Araucanía,4.43,2.98,5.88,regional
enusc_hur,ENUSC (INE),Hurto (%),%,2021,10,Los Lagos,0.94,0.45,1.43,regional
enusc_hur,ENUSC (INE),Hurto (%),%,2021,11,Aysén,2.13,1.02,3.25,regional
enusc_hur,ENUSC (INE),Hurto (%),%,2021,12,Magallanes,0.51,0.13,0.88,regional
enusc_hur,ENUSC (INE),Hurto (%),%,2021,13,Metropolitana,5.92,4.77,7.06,regional
enusc_hur,ENUSC (INE),Hurto (%),%,2021,14,Los Ríos,2.77,0.44,5.1,regional
enusc_hur,ENUSC (INE),Hurto (%),%,2021,15,Arica y Parinacota,3.56,1.74,5.39,regional
enusc_hur,ENUSC (INE),Hurto (%),%,2021,16,Ñuble,2.83,1.84,3.83,regional
enusc_hur,ENUSC (INE),Hurto (%),%,2022,0,Nacional,5.62,5.14,6.1,regional
enusc_hur,ENUSC (INE),Hurto (%),%,2022,1,Tarapacá,3,1.81,4.18,regional
enusc_hur,ENUSC (INE),Hurto (%),%,2022,2,Antofagasta,3.77,0.65,6.9,regional
enusc_hur,ENUSC (INE),Hurto (%),%,2022,3,Atacama,2.25,0.73,3.76,regional
enusc_hur,ENUSC (INE),Hurto (%),%,2022,4,Coquimbo,3.82,2.46,5.18,regional
enusc_hur,ENUSC (INE),Hurto (%),%,2022,5,Valparaíso,6.28,5,7.55,regional
enusc_hur,ENUSC (INE),Hurto (%),%,2022,6,O'Higgins,6.5,3.72,9.27,regional
enusc_hur,ENUSC (INE),Hurto (%),%,2022,7,Maule,3.79,2.47,5.1,regional
enusc_hur,ENUSC (INE),Hurto (%),%,2022,8,Biobío,2.62,2.09,3.15,regional
enusc_hur,ENUSC (INE),Hurto (%),%,2022,9,La Araucanía,3.19,1.86,4.52,regional
enusc_hur,ENUSC (INE),Hurto (%),%,2022,10,Los Lagos,5.69,4,7.39,regional
enusc_hur,ENUSC (INE),Hurto (%),%,2022,11,Aysén,3.86,2.19,5.52,regional
enusc_hur,ENUSC (INE),Hurto (%),%,2022,12,Magallanes,1.25,0.67,1.84,regional
enusc_hur,ENUSC (INE),Hurto (%),%,2022,13,Metropolitana,7.03,6.15,7.91,regional
enusc_hur,ENUSC (INE),Hurto (%),%,2022,14,Los Ríos,10.19,4.82,15.56,regional
enusc_hur,ENUSC (INE),Hurto (%),%,2022,15,Arica y Parinacota,3.63,2.57,4.7,regional
enusc_hur,ENUSC (INE),Hurto (%),%,2022,16,Ñuble,2.59,1.24,3.94,regional
enusc_hur,ENUSC (INE),Hurto (%),%,2023,0,Nacional,5.99,5.68,6.29,regional
enusc_hur,ENUSC (INE),Hurto (%),%,2023,1,Tarapacá,4.21,3.03,5.39,regional
enusc_hur,ENUSC (INE),Hurto (%),%,2023,2,Antofagasta,4.28,3.14,5.42,regional
enusc_hur,ENUSC (INE),Hurto (%),%,2023,3,Atacama,5.38,3.52,7.24,regional
enusc_hur,ENUSC (INE),Hurto (%),%,2023,4,Coquimbo,4.19,3.12,5.27,regional
enusc_hur,ENUSC (INE),Hurto (%),%,2023,5,Valparaíso,6.93,6.07,7.78,regional
enusc_hur,ENUSC (INE),Hurto (%),%,2023,6,O'Higgins,4.97,3.45,6.49,regional
enusc_hur,ENUSC (INE),Hurto (%),%,2023,7,Maule,4.34,3.51,5.18,regional
enusc_hur,ENUSC (INE),Hurto (%),%,2023,8,Biobío,5.31,4.49,6.14,regional
enusc_hur,ENUSC (INE),Hurto (%),%,2023,9,La Araucanía,5.71,4.11,7.31,regional
enusc_hur,ENUSC (INE),Hurto (%),%,2023,10,Los Lagos,3.77,2.6,4.94,regional
enusc_hur,ENUSC (INE),Hurto (%),%,2023,11,Aysén,2.5,1.41,3.59,regional
enusc_hur,ENUSC (INE),Hurto (%),%,2023,12,Magallanes,0.81,0.2,1.42,regional
enusc_hur,ENUSC (INE),Hurto (%),%,2023,13,Metropolitana,6.94,6.4,7.48,regional
enusc_hur,ENUSC (INE),Hurto (%),%,2023,14,Los Ríos,9.8,7.43,12.18,regional
enusc_hur,ENUSC (INE),Hurto (%),%,2023,15,Arica y Parinacota,4.3,3.11,5.49,regional
enusc_hur,ENUSC (INE),Hurto (%),%,2023,16,Ñuble,3.52,2.24,4.8,regional
enusc_hur,ENUSC (INE),Hurto (%),%,2024,0,Nacional,7.33,6.82,7.84,regional
enusc_hur,ENUSC (INE),Hurto (%),%,2024,1,Tarapacá,7.06,5.17,8.95,regional
enusc_hur,ENUSC (INE),Hurto (%),%,2024,2,Antofagasta,3.8,2.67,4.94,regional
enusc_hur,ENUSC (INE),Hurto (%),%,2024,3,Atacama,2.58,1.52,3.64,regional
enusc_hur,ENUSC (INE),Hurto (%),%,2024,4,Coquimbo,6.52,5.1,7.94,regional
enusc_hur,ENUSC (INE),Hurto (%),%,2024,5,Valparaíso,9.98,8.66,11.3,regional
enusc_hur,ENUSC (INE),Hurto (%),%,2024,6,O'Higgins,5.75,3.89,7.62,regional
enusc_hur,ENUSC (INE),Hurto (%),%,2024,7,Maule,3.79,2.41,5.18,regional
enusc_hur,ENUSC (INE),Hurto (%),%,2024,8,Biobío,3.41,2.36,4.46,regional
enusc_hur,ENUSC (INE),Hurto (%),%,2024,9,La Araucanía,6.17,4.29,8.05,regional
enusc_hur,ENUSC (INE),Hurto (%),%,2024,10,Los Lagos,5.86,4.29,7.42,regional
enusc_hur,ENUSC (INE),Hurto (%),%,2024,11,Aysén,1.82,0.88,2.75,regional
enusc_hur,ENUSC (INE),Hurto (%),%,2024,12,Magallanes,1.99,1.03,2.95,regional
enusc_hur,ENUSC (INE),Hurto (%),%,2024,13,Metropolitana,9.08,8.11,10.05,regional
enusc_hur,ENUSC (INE),Hurto (%),%,2024,14,Los Ríos,5.79,4.2,7.39,regional
enusc_hur,ENUSC (INE),Hurto (%),%,2024,15,Arica y Parinacota,5.32,3.93,6.71,regional
enusc_hur,ENUSC (INE),Hurto (%),%,2024,16,Ñuble,6,4.56,7.43,regional
enusc_les,ENUSC (INE),Lesiones (%),%,2008,0,Nacional,3.04,2.7,3.38,nacional
enusc_les,ENUSC (INE),Lesiones (%),%,2009,0,Nacional,3.42,2.85,4,nacional
enusc_les,ENUSC (INE),Lesiones (%),%,2010,0,Nacional,2.08,1.72,2.44,nacional
enusc_les,ENUSC (INE),Lesiones (%),%,2011,0,Nacional,2.77,2.4,3.14,nacional
enusc_les,ENUSC (INE),Lesiones (%),%,2012,0,Nacional,1.94,1.48,2.4,nacional
enusc_les,ENUSC (INE),Lesiones (%),%,2013,0,Nacional,1.59,1.32,1.87,nacional
enusc_les,ENUSC (INE),Lesiones (%),%,2014,0,Nacional,1.59,1.21,1.98,nacional
enusc_les,ENUSC (INE),Lesiones (%),%,2015,0,Nacional,2.04,1.53,2.56,nacional
enusc_les,ENUSC (INE),Lesiones (%),%,2016,0,Nacional,1.5,1.27,1.73,nacional
enusc_les,ENUSC (INE),Lesiones (%),%,2017,0,Nacional,1.91,1.61,2.21,nacional
enusc_les,ENUSC (INE),Lesiones (%),%,2018,0,Nacional,1.31,1.06,1.55,nacional
enusc_les,ENUSC (INE),Lesiones (%),%,2019,0,Nacional,1.62,1.24,1.99,nacional
enusc_les,ENUSC (INE),Lesiones (%),%,2020,0,Nacional,1.15,0.96,1.34,nacional
enusc_les,ENUSC (INE),Lesiones (%),%,2021,0,Nacional,0.88,0.69,1.08,nacional
enusc_les,ENUSC (INE),Lesiones (%),%,2022,0,Nacional,1.03,0.75,1.3,nacional
enusc_les,ENUSC (INE),Lesiones (%),%,2023,0,Nacional,1.4,1.25,1.55,nacional
enusc_les,ENUSC (INE),Lesiones (%),%,2024,0,Nacional,1.51,1.25,1.76,nacional
enusc_pad,ENUSC (INE),Percepción: aumentó la delincuencia en el país (%),%,2008,0,Nacional,80.38,79.56,81.2,regional
enusc_pad,ENUSC (INE),Percepción: aumentó la delincuencia en el país (%),%,2009,0,Nacional,78.44,77.46,79.41,regional
enusc_pad,ENUSC (INE),Percepción: aumentó la delincuencia en el país (%),%,2010,0,Nacional,60.24,58.77,61.7,regional
enusc_pad,ENUSC (INE),Percepción: aumentó la delincuencia en el país (%),%,2011,0,Nacional,82.58,81.73,83.42,regional
enusc_pad,ENUSC (INE),Percepción: aumentó la delincuencia en el país (%),%,2012,0,Nacional,70.63,69.5,71.75,regional
enusc_pad,ENUSC (INE),Percepción: aumentó la delincuencia en el país (%),%,2013,0,Nacional,71.18,69.96,72.39,regional
enusc_pad,ENUSC (INE),Percepción: aumentó la delincuencia en el país (%),%,2014,0,Nacional,79.94,78.8,81.08,regional
enusc_pad,ENUSC (INE),Percepción: aumentó la delincuencia en el país (%),%,2015,0,Nacional,86.78,85.89,87.68,regional
enusc_pad,ENUSC (INE),Percepción: aumentó la delincuencia en el país (%),%,2016,0,Nacional,84.95,84.21,85.7,regional
enusc_pad,ENUSC (INE),Percepción: aumentó la delincuencia en el país (%),%,2017,0,Nacional,80.79,79.99,81.58,regional
enusc_pad,ENUSC (INE),Percepción: aumentó la delincuencia en el país (%),%,2018,0,Nacional,76.84,75.85,77.84,regional
enusc_pad,ENUSC (INE),Percepción: aumentó la delincuencia en el país (%),%,2018,1,Tarapacá,75.92,72.89,78.95,regional
enusc_pad,ENUSC (INE),Percepción: aumentó la delincuencia en el país (%),%,2018,2,Antofagasta,80.21,77.34,83.08,regional
enusc_pad,ENUSC (INE),Percepción: aumentó la delincuencia en el país (%),%,2018,3,Atacama,79.67,76.53,82.82,regional
enusc_pad,ENUSC (INE),Percepción: aumentó la delincuencia en el país (%),%,2018,4,Coquimbo,76.91,73.02,80.81,regional
enusc_pad,ENUSC (INE),Percepción: aumentó la delincuencia en el país (%),%,2018,5,Valparaíso,76.82,74.66,78.98,regional
enusc_pad,ENUSC (INE),Percepción: aumentó la delincuencia en el país (%),%,2018,6,O'Higgins,78.6,74.11,83.1,regional
enusc_pad,ENUSC (INE),Percepción: aumentó la delincuencia en el país (%),%,2018,7,Maule,79.3,76.94,81.66,regional
enusc_pad,ENUSC (INE),Percepción: aumentó la delincuencia en el país (%),%,2018,8,Biobío,79.24,76.68,81.79,regional
enusc_pad,ENUSC (INE),Percepción: aumentó la delincuencia en el país (%),%,2018,9,La Araucanía,71.32,67.71,74.93,regional
enusc_pad,ENUSC (INE),Percepción: aumentó la delincuencia en el país (%),%,2018,10,Los Lagos,79.82,76.03,83.62,regional
enusc_pad,ENUSC (INE),Percepción: aumentó la delincuencia en el país (%),%,2018,11,Aysén,71.59,68.16,75.03,regional
enusc_pad,ENUSC (INE),Percepción: aumentó la delincuencia en el país (%),%,2018,12,Magallanes,74.62,69.6,79.63,regional
enusc_pad,ENUSC (INE),Percepción: aumentó la delincuencia en el país (%),%,2018,13,Metropolitana,76.01,74.08,77.94,regional
enusc_pad,ENUSC (INE),Percepción: aumentó la delincuencia en el país (%),%,2018,14,Los Ríos,69.64,65.14,74.14,regional
enusc_pad,ENUSC (INE),Percepción: aumentó la delincuencia en el país (%),%,2018,15,Arica y Parinacota,83.76,81.36,86.15,regional
enusc_pad,ENUSC (INE),Percepción: aumentó la delincuencia en el país (%),%,2018,16,Ñuble,78.07,75.52,80.62,regional
enusc_pad,ENUSC (INE),Percepción: aumentó la delincuencia en el país (%),%,2019,0,Nacional,82,81.13,82.87,regional
enusc_pad,ENUSC (INE),Percepción: aumentó la delincuencia en el país (%),%,2019,1,Tarapacá,86.5,84.29,88.71,regional
enusc_pad,ENUSC (INE),Percepción: aumentó la delincuencia en el país (%),%,2019,2,Antofagasta,85.87,81.87,89.86,regional
enusc_pad,ENUSC (INE),Percepción: aumentó la delincuencia en el país (%),%,2019,3,Atacama,85.93,82.59,89.27,regional
enusc_pad,ENUSC (INE),Percepción: aumentó la delincuencia en el país (%),%,2019,4,Coquimbo,84.48,81.71,87.26,regional
enusc_pad,ENUSC (INE),Percepción: aumentó la delincuencia en el país (%),%,2019,5,Valparaíso,82.18,79.83,84.53,regional
enusc_pad,ENUSC (INE),Percepción: aumentó la delincuencia en el país (%),%,2019,6,O'Higgins,82.22,78.88,85.57,regional
enusc_pad,ENUSC (INE),Percepción: aumentó la delincuencia en el país (%),%,2019,7,Maule,85,82.83,87.17,regional
enusc_pad,ENUSC (INE),Percepción: aumentó la delincuencia en el país (%),%,2019,8,Biobío,81.87,79.18,84.55,regional
enusc_pad,ENUSC (INE),Percepción: aumentó la delincuencia en el país (%),%,2019,9,La Araucanía,78.27,73.43,83.11,regional
enusc_pad,ENUSC (INE),Percepción: aumentó la delincuencia en el país (%),%,2019,10,Los Lagos,83.48,80.37,86.58,regional
enusc_pad,ENUSC (INE),Percepción: aumentó la delincuencia en el país (%),%,2019,11,Aysén,82.17,78.29,86.04,regional
enusc_pad,ENUSC (INE),Percepción: aumentó la delincuencia en el país (%),%,2019,12,Magallanes,83.15,79.58,86.72,regional
enusc_pad,ENUSC (INE),Percepción: aumentó la delincuencia en el país (%),%,2019,13,Metropolitana,81.15,79.59,82.72,regional
enusc_pad,ENUSC (INE),Percepción: aumentó la delincuencia en el país (%),%,2019,14,Los Ríos,76.21,71.64,80.79,regional
enusc_pad,ENUSC (INE),Percepción: aumentó la delincuencia en el país (%),%,2019,15,Arica y Parinacota,86.5,81.42,91.58,regional
enusc_pad,ENUSC (INE),Percepción: aumentó la delincuencia en el país (%),%,2019,16,Ñuble,80.23,77.13,83.32,regional
enusc_pad,ENUSC (INE),Percepción: aumentó la delincuencia en el país (%),%,2020,0,Nacional,84.31,83.54,85.09,regional
enusc_pad,ENUSC (INE),Percepción: aumentó la delincuencia en el país (%),%,2020,1,Tarapacá,81.92,79.05,84.78,regional
enusc_pad,ENUSC (INE),Percepción: aumentó la delincuencia en el país (%),%,2020,2,Antofagasta,82.31,78.05,86.57,regional
enusc_pad,ENUSC (INE),Percepción: aumentó la delincuencia en el país (%),%,2020,3,Atacama,79.88,74.7,85.07,regional
enusc_pad,ENUSC (INE),Percepción: aumentó la delincuencia en el país (%),%,2020,4,Coquimbo,81.92,79.6,84.25,regional
enusc_pad,ENUSC (INE),Percepción: aumentó la delincuencia en el país (%),%,2020,5,Valparaíso,83.06,80.65,85.48,regional
enusc_pad,ENUSC (INE),Percepción: aumentó la delincuencia en el país (%),%,2020,6,O'Higgins,80.1,76.78,83.41,regional
enusc_pad,ENUSC (INE),Percepción: aumentó la delincuencia en el país (%),%,2020,7,Maule,83.93,81.9,85.95,regional
enusc_pad,ENUSC (INE),Percepción: aumentó la delincuencia en el país (%),%,2020,8,Biobío,85.18,82.61,87.76,regional
enusc_pad,ENUSC (INE),Percepción: aumentó la delincuencia en el país (%),%,2020,9,La Araucanía,85.53,82.23,88.82,regional
enusc_pad,ENUSC (INE),Percepción: aumentó la delincuencia en el país (%),%,2020,10,Los Lagos,76.69,72.12,81.27,regional
enusc_pad,ENUSC (INE),Percepción: aumentó la delincuencia en el país (%),%,2020,11,Aysén,77.02,71.57,82.47,regional
enusc_pad,ENUSC (INE),Percepción: aumentó la delincuencia en el país (%),%,2020,12,Magallanes,73.14,68.41,77.87,regional
enusc_pad,ENUSC (INE),Percepción: aumentó la delincuencia en el país (%),%,2020,13,Metropolitana,86.57,85.29,87.86,regional
enusc_pad,ENUSC (INE),Percepción: aumentó la delincuencia en el país (%),%,2020,14,Los Ríos,77.28,72.04,82.51,regional
enusc_pad,ENUSC (INE),Percepción: aumentó la delincuencia en el país (%),%,2020,15,Arica y Parinacota,85.44,83.31,87.56,regional
enusc_pad,ENUSC (INE),Percepción: aumentó la delincuencia en el país (%),%,2020,16,Ñuble,84.12,81.81,86.43,regional
enusc_pad,ENUSC (INE),Percepción: aumentó la delincuencia en el país (%),%,2021,0,Nacional,86.9,86.11,87.69,regional
enusc_pad,ENUSC (INE),Percepción: aumentó la delincuencia en el país (%),%,2021,1,Tarapacá,92.53,90.63,94.44,regional
enusc_pad,ENUSC (INE),Percepción: aumentó la delincuencia en el país (%),%,2021,2,Antofagasta,88.51,85.19,91.83,regional
enusc_pad,ENUSC (INE),Percepción: aumentó la delincuencia en el país (%),%,2021,3,Atacama,88.46,83.68,93.24,regional
enusc_pad,ENUSC (INE),Percepción: aumentó la delincuencia en el país (%),%,2021,4,Coquimbo,85.49,80.49,90.49,regional
enusc_pad,ENUSC (INE),Percepción: aumentó la delincuencia en el país (%),%,2021,5,Valparaíso,85.04,82.61,87.47,regional
enusc_pad,ENUSC (INE),Percepción: aumentó la delincuencia en el país (%),%,2021,6,O'Higgins,88.76,86.41,91.11,regional
enusc_pad,ENUSC (INE),Percepción: aumentó la delincuencia en el país (%),%,2021,7,Maule,86.85,84.01,89.68,regional
enusc_pad,ENUSC (INE),Percepción: aumentó la delincuencia en el país (%),%,2021,8,Biobío,85.4,82.41,88.39,regional
enusc_pad,ENUSC (INE),Percepción: aumentó la delincuencia en el país (%),%,2021,9,La Araucanía,85.57,83.11,88.04,regional
enusc_pad,ENUSC (INE),Percepción: aumentó la delincuencia en el país (%),%,2021,10,Los Lagos,87.27,83.7,90.85,regional
enusc_pad,ENUSC (INE),Percepción: aumentó la delincuencia en el país (%),%,2021,11,Aysén,84.49,80.95,88.03,regional
enusc_pad,ENUSC (INE),Percepción: aumentó la delincuencia en el país (%),%,2021,12,Magallanes,80.83,78.43,83.23,regional
enusc_pad,ENUSC (INE),Percepción: aumentó la delincuencia en el país (%),%,2021,13,Metropolitana,87.33,86.02,88.63,regional
enusc_pad,ENUSC (INE),Percepción: aumentó la delincuencia en el país (%),%,2021,14,Los Ríos,84.89,81.55,88.24,regional
enusc_pad,ENUSC (INE),Percepción: aumentó la delincuencia en el país (%),%,2021,15,Arica y Parinacota,92.25,90.2,94.29,regional
enusc_pad,ENUSC (INE),Percepción: aumentó la delincuencia en el país (%),%,2021,16,Ñuble,85.96,82.61,89.32,regional
enusc_pad,ENUSC (INE),Percepción: aumentó la delincuencia en el país (%),%,2022,0,Nacional,90.57,89.81,91.33,regional
enusc_pad,ENUSC (INE),Percepción: aumentó la delincuencia en el país (%),%,2022,1,Tarapacá,95.13,93.18,97.08,regional
enusc_pad,ENUSC (INE),Percepción: aumentó la delincuencia en el país (%),%,2022,2,Antofagasta,93.45,90.68,96.23,regional
enusc_pad,ENUSC (INE),Percepción: aumentó la delincuencia en el país (%),%,2022,3,Atacama,91.93,89.88,93.97,regional
enusc_pad,ENUSC (INE),Percepción: aumentó la delincuencia en el país (%),%,2022,4,Coquimbo,94.12,92.08,96.16,regional
enusc_pad,ENUSC (INE),Percepción: aumentó la delincuencia en el país (%),%,2022,5,Valparaíso,90.51,88.79,92.24,regional
enusc_pad,ENUSC (INE),Percepción: aumentó la delincuencia en el país (%),%,2022,6,O'Higgins,91.78,89.42,94.15,regional
enusc_pad,ENUSC (INE),Percepción: aumentó la delincuencia en el país (%),%,2022,7,Maule,92.54,90.59,94.49,regional
enusc_pad,ENUSC (INE),Percepción: aumentó la delincuencia en el país (%),%,2022,8,Biobío,92.15,89.97,94.34,regional
enusc_pad,ENUSC (INE),Percepción: aumentó la delincuencia en el país (%),%,2022,9,La Araucanía,90.4,87.9,92.89,regional
enusc_pad,ENUSC (INE),Percepción: aumentó la delincuencia en el país (%),%,2022,10,Los Lagos,90.24,86.97,93.51,regional
enusc_pad,ENUSC (INE),Percepción: aumentó la delincuencia en el país (%),%,2022,11,Aysén,88.62,85.53,91.71,regional
enusc_pad,ENUSC (INE),Percepción: aumentó la delincuencia en el país (%),%,2022,12,Magallanes,90.51,88.52,92.49,regional
enusc_pad,ENUSC (INE),Percepción: aumentó la delincuencia en el país (%),%,2022,13,Metropolitana,88.98,87.59,90.38,regional
enusc_pad,ENUSC (INE),Percepción: aumentó la delincuencia en el país (%),%,2022,14,Los Ríos,89.61,85.79,93.44,regional
enusc_pad,ENUSC (INE),Percepción: aumentó la delincuencia en el país (%),%,2022,15,Arica y Parinacota,94.77,92.73,96.8,regional
enusc_pad,ENUSC (INE),Percepción: aumentó la delincuencia en el país (%),%,2022,16,Ñuble,94.23,92.39,96.08,regional
enusc_pad,ENUSC (INE),Percepción: aumentó la delincuencia en el país (%),%,2023,0,Nacional,87.57,87.15,87.99,regional
enusc_pad,ENUSC (INE),Percepción: aumentó la delincuencia en el país (%),%,2023,1,Tarapacá,86.1,84.03,88.17,regional
enusc_pad,ENUSC (INE),Percepción: aumentó la delincuencia en el país (%),%,2023,2,Antofagasta,93.25,91.7,94.79,regional
enusc_pad,ENUSC (INE),Percepción: aumentó la delincuencia en el país (%),%,2023,3,Atacama,91.15,89.04,93.25,regional
enusc_pad,ENUSC (INE),Percepción: aumentó la delincuencia en el país (%),%,2023,4,Coquimbo,87.48,85.76,89.19,regional
enusc_pad,ENUSC (INE),Percepción: aumentó la delincuencia en el país (%),%,2023,5,Valparaíso,87.83,86.73,88.93,regional
enusc_pad,ENUSC (INE),Percepción: aumentó la delincuencia en el país (%),%,2023,6,O'Higgins,89.56,87.41,91.72,regional
enusc_pad,ENUSC (INE),Percepción: aumentó la delincuencia en el país (%),%,2023,7,Maule,88.94,87.56,90.32,regional
enusc_pad,ENUSC (INE),Percepción: aumentó la delincuencia en el país (%),%,2023,8,Biobío,89.63,88.6,90.65,regional
enusc_pad,ENUSC (INE),Percepción: aumentó la delincuencia en el país (%),%,2023,9,La Araucanía,88.59,86.56,90.62,regional
enusc_pad,ENUSC (INE),Percepción: aumentó la delincuencia en el país (%),%,2023,10,Los Lagos,88.08,85.95,90.21,regional
enusc_pad,ENUSC (INE),Percepción: aumentó la delincuencia en el país (%),%,2023,11,Aysén,86.28,83.96,88.59,regional
enusc_pad,ENUSC (INE),Percepción: aumentó la delincuencia en el país (%),%,2023,12,Magallanes,85.55,83.33,87.78,regional
enusc_pad,ENUSC (INE),Percepción: aumentó la delincuencia en el país (%),%,2023,13,Metropolitana,86.03,85.3,86.77,regional
enusc_pad,ENUSC (INE),Percepción: aumentó la delincuencia en el país (%),%,2023,14,Los Ríos,84.77,82.07,87.46,regional
enusc_pad,ENUSC (INE),Percepción: aumentó la delincuencia en el país (%),%,2023,15,Arica y Parinacota,89.78,87.72,91.84,regional
enusc_pad,ENUSC (INE),Percepción: aumentó la delincuencia en el país (%),%,2023,16,Ñuble,92.21,90.33,94.09,regional
enusc_pad,ENUSC (INE),Percepción: aumentó la delincuencia en el país (%),%,2024,0,Nacional,87.54,86.93,88.16,regional
enusc_pad,ENUSC (INE),Percepción: aumentó la delincuencia en el país (%),%,2024,1,Tarapacá,88.53,86.48,90.58,regional
enusc_pad,ENUSC (INE),Percepción: aumentó la delincuencia en el país (%),%,2024,2,Antofagasta,91.34,89.42,93.26,regional
enusc_pad,ENUSC (INE),Percepción: aumentó la delincuencia en el país (%),%,2024,3,Atacama,92.24,90.24,94.25,regional
enusc_pad,ENUSC (INE),Percepción: aumentó la delincuencia en el país (%),%,2024,4,Coquimbo,88.38,86.37,90.38,regional
enusc_pad,ENUSC (INE),Percepción: aumentó la delincuencia en el país (%),%,2024,5,Valparaíso,88.67,87.33,90,regional
enusc_pad,ENUSC (INE),Percepción: aumentó la delincuencia en el país (%),%,2024,6,O'Higgins,85.46,82.54,88.39,regional
enusc_pad,ENUSC (INE),Percepción: aumentó la delincuencia en el país (%),%,2024,7,Maule,89.48,87.54,91.42,regional
enusc_pad,ENUSC (INE),Percepción: aumentó la delincuencia en el país (%),%,2024,8,Biobío,89.64,87.72,91.55,regional
enusc_pad,ENUSC (INE),Percepción: aumentó la delincuencia en el país (%),%,2024,9,La Araucanía,82.81,80.03,85.59,regional
enusc_pad,ENUSC (INE),Percepción: aumentó la delincuencia en el país (%),%,2024,10,Los Lagos,85.42,82.6,88.23,regional
enusc_pad,ENUSC (INE),Percepción: aumentó la delincuencia en el país (%),%,2024,11,Aysén,87.57,85.3,89.84,regional
enusc_pad,ENUSC (INE),Percepción: aumentó la delincuencia en el país (%),%,2024,12,Magallanes,85.84,83.21,88.46,regional
enusc_pad,ENUSC (INE),Percepción: aumentó la delincuencia en el país (%),%,2024,13,Metropolitana,86.89,85.78,88.01,regional
enusc_pad,ENUSC (INE),Percepción: aumentó la delincuencia en el país (%),%,2024,14,Los Ríos,82.13,78.6,85.67,regional
enusc_pad,ENUSC (INE),Percepción: aumentó la delincuencia en el país (%),%,2024,15,Arica y Parinacota,88.62,86.75,90.5,regional
enusc_pad,ENUSC (INE),Percepción: aumentó la delincuencia en el país (%),%,2024,16,Ñuble,92.17,90.07,94.26,regional
enusc_rddv,ENUSC (INE),Robo desde vehículo (hogares con vehículo) (%),%,2008,0,Nacional,18.58,17.47,19.69,nacional
enusc_rddv,ENUSC (INE),Robo desde vehículo (hogares con vehículo) (%),%,2009,0,Nacional,16.97,15.72,18.22,nacional
enusc_rddv,ENUSC (INE),Robo desde vehículo (hogares con vehículo) (%),%,2010,0,Nacional,13.48,12.41,14.55,nacional
enusc_rddv,ENUSC (INE),Robo desde vehículo (hogares con vehículo) (%),%,2011,0,Nacional,16.27,15.19,17.35,nacional
enusc_rddv,ENUSC (INE),Robo desde vehículo (hogares con vehículo) (%),%,2012,0,Nacional,12.33,11.31,13.34,nacional
enusc_rddv,ENUSC (INE),Robo desde vehículo (hogares con vehículo) (%),%,2013,0,Nacional,11.06,10.11,12,nacional
enusc_rddv,ENUSC (INE),Robo desde vehículo (hogares con vehículo) (%),%,2014,0,Nacional,11.84,10.52,13.17,nacional
enusc_rddv,ENUSC (INE),Robo desde vehículo (hogares con vehículo) (%),%,2015,0,Nacional,12.91,11.87,13.96,nacional
enusc_rddv,ENUSC (INE),Robo desde vehículo (hogares con vehículo) (%),%,2016,0,Nacional,13.85,12.64,15.05,nacional
enusc_rddv,ENUSC (INE),Robo desde vehículo (hogares con vehículo) (%),%,2017,0,Nacional,14.2,13.45,14.96,nacional
enusc_rddv,ENUSC (INE),Robo desde vehículo (hogares con vehículo) (%),%,2018,0,Nacional,11.61,10.81,12.41,nacional
enusc_rddv,ENUSC (INE),Robo desde vehículo (hogares con vehículo) (%),%,2019,0,Nacional,10.55,9.33,11.76,nacional
enusc_rddv,ENUSC (INE),Robo desde vehículo (hogares con vehículo) (%),%,2020,0,Nacional,10.46,9.58,11.33,nacional
enusc_rddv,ENUSC (INE),Robo desde vehículo (hogares con vehículo) (%),%,2021,0,Nacional,10.03,9.08,10.98,nacional
enusc_rddv,ENUSC (INE),Robo desde vehículo (hogares con vehículo) (%),%,2022,0,Nacional,13.03,12.04,14.01,nacional
enusc_rddv,ENUSC (INE),Robo desde vehículo (hogares con vehículo) (%),%,2023,0,Nacional,14.52,13.97,15.07,nacional
enusc_rddv,ENUSC (INE),Robo desde vehículo (hogares con vehículo) (%),%,2024,0,Nacional,16.01,15.11,16.92,nacional
enusc_rdv,ENUSC (INE),Robo de vehículo (hogares con vehículo) (%),%,2008,0,Nacional,1.69,1.34,2.05,nacional
enusc_rdv,ENUSC (INE),Robo de vehículo (hogares con vehículo) (%),%,2009,0,Nacional,2.21,1.75,2.67,nacional
enusc_rdv,ENUSC (INE),Robo de vehículo (hogares con vehículo) (%),%,2010,0,Nacional,2.41,1.65,3.17,nacional
enusc_rdv,ENUSC (INE),Robo de vehículo (hogares con vehículo) (%),%,2011,0,Nacional,2.55,2.08,3.03,nacional
enusc_rdv,ENUSC (INE),Robo de vehículo (hogares con vehículo) (%),%,2012,0,Nacional,2.04,1.61,2.46,nacional
enusc_rdv,ENUSC (INE),Robo de vehículo (hogares con vehículo) (%),%,2013,0,Nacional,1.6,1.22,1.98,nacional
enusc_rdv,ENUSC (INE),Robo de vehículo (hogares con vehículo) (%),%,2014,0,Nacional,1.44,1.05,1.83,nacional
enusc_rdv,ENUSC (INE),Robo de vehículo (hogares con vehículo) (%),%,2015,0,Nacional,1.86,1.47,2.25,nacional
enusc_rdv,ENUSC (INE),Robo de vehículo (hogares con vehículo) (%),%,2016,0,Nacional,1.61,1.31,1.91,nacional
enusc_rdv,ENUSC (INE),Robo de vehículo (hogares con vehículo) (%),%,2017,0,Nacional,1.42,1.14,1.7,nacional
enusc_rdv,ENUSC (INE),Robo de vehículo (hogares con vehículo) (%),%,2018,0,Nacional,0.98,0.73,1.24,nacional
enusc_rdv,ENUSC (INE),Robo de vehículo (hogares con vehículo) (%),%,2019,0,Nacional,1.01,0.48,1.54,nacional
enusc_rdv,ENUSC (INE),Robo de vehículo (hogares con vehículo) (%),%,2020,0,Nacional,0.93,0.68,1.17,nacional
enusc_rdv,ENUSC (INE),Robo de vehículo (hogares con vehículo) (%),%,2021,0,Nacional,0.75,0.53,0.97,nacional
enusc_rdv,ENUSC (INE),Robo de vehículo (hogares con vehículo) (%),%,2022,0,Nacional,1.69,1.1,2.27,nacional
enusc_rdv,ENUSC (INE),Robo de vehículo (hogares con vehículo) (%),%,2023,0,Nacional,2.16,1.93,2.4,nacional
enusc_rdv,ENUSC (INE),Robo de vehículo (hogares con vehículo) (%),%,2024,0,Nacional,1.97,1.64,2.29,nacional
enusc_rfv,ENUSC (INE),Robo con fuerza en la vivienda (%),%,2008,0,Nacional,5,4.63,5.37,nacional
enusc_rfv,ENUSC (INE),Robo con fuerza en la vivienda (%),%,2009,0,Nacional,5.11,4.64,5.59,nacional
enusc_rfv,ENUSC (INE),Robo con fuerza en la vivienda (%),%,2010,0,Nacional,4.03,3.66,4.41,nacional
enusc_rfv,ENUSC (INE),Robo con fuerza en la vivienda (%),%,2011,0,Nacional,5.28,4.82,5.75,nacional
enusc_rfv,ENUSC (INE),Robo con fuerza en la vivienda (%),%,2012,0,Nacional,4.32,3.87,4.77,nacional
enusc_rfv,ENUSC (INE),Robo con fuerza en la vivienda (%),%,2013,0,Nacional,4.19,3.7,4.67,nacional
enusc_rfv,ENUSC (INE),Robo con fuerza en la vivienda (%),%,2014,0,Nacional,3.67,3.11,4.23,nacional
enusc_rfv,ENUSC (INE),Robo con fuerza en la vivienda (%),%,2015,0,Nacional,4.91,4.35,5.47,nacional
enusc_rfv,ENUSC (INE),Robo con fuerza en la vivienda (%),%,2016,0,Nacional,5.13,4.74,5.52,nacional
enusc_rfv,ENUSC (INE),Robo con fuerza en la vivienda (%),%,2017,0,Nacional,5.08,4.65,5.51,nacional
enusc_rfv,ENUSC (INE),Robo con fuerza en la vivienda (%),%,2018,0,Nacional,4.78,4.41,5.16,nacional
enusc_rfv,ENUSC (INE),Robo con fuerza en la vivienda (%),%,2019,0,Nacional,3.53,3.17,3.9,nacional
enusc_rfv,ENUSC (INE),Robo con fuerza en la vivienda (%),%,2020,0,Nacional,3.01,2.69,3.33,nacional
enusc_rfv,ENUSC (INE),Robo con fuerza en la vivienda (%),%,2021,0,Nacional,2.51,2.2,2.82,nacional
enusc_rfv,ENUSC (INE),Robo con fuerza en la vivienda (%),%,2022,0,Nacional,3.18,2.8,3.55,nacional
enusc_rfv,ENUSC (INE),Robo con fuerza en la vivienda (%),%,2023,0,Nacional,2.96,2.76,3.16,nacional
enusc_rfv,ENUSC (INE),Robo con fuerza en la vivienda (%),%,2024,0,Nacional,2.96,2.67,3.26,nacional
enusc_rps,ENUSC (INE),Robo por sorpresa (%),%,2008,0,Nacional,9.1,8.49,9.72,regional
enusc_rps,ENUSC (INE),Robo por sorpresa (%),%,2009,0,Nacional,8.03,7.37,8.69,regional
enusc_rps,ENUSC (INE),Robo por sorpresa (%),%,2010,0,Nacional,5.49,4.95,6.02,regional
enusc_rps,ENUSC (INE),Robo por sorpresa (%),%,2011,0,Nacional,6.88,6.31,7.45,regional
enusc_rps,ENUSC (INE),Robo por sorpresa (%),%,2012,0,Nacional,5,4.45,5.55,regional
enusc_rps,ENUSC (INE),Robo por sorpresa (%),%,2013,0,Nacional,4.05,3.59,4.51,regional
enusc_rps,ENUSC (INE),Robo por sorpresa (%),%,2014,0,Nacional,4.82,4.13,5.52,regional
enusc_rps,ENUSC (INE),Robo por sorpresa (%),%,2015,0,Nacional,5.26,4.66,5.86,regional
enusc_rps,ENUSC (INE),Robo por sorpresa (%),%,2016,0,Nacional,5.25,4.8,5.71,regional
enusc_rps,ENUSC (INE),Robo por sorpresa (%),%,2017,0,Nacional,5.18,4.68,5.67,regional
enusc_rps,ENUSC (INE),Robo por sorpresa (%),%,2018,0,Nacional,4.43,3.99,4.87,regional
enusc_rps,ENUSC (INE),Robo por sorpresa (%),%,2018,1,Tarapacá,5.14,3.26,7.02,regional
enusc_rps,ENUSC (INE),Robo por sorpresa (%),%,2018,2,Antofagasta,3.59,2.2,4.99,regional
enusc_rps,ENUSC (INE),Robo por sorpresa (%),%,2018,3,Atacama,2.03,1.26,2.8,regional
enusc_rps,ENUSC (INE),Robo por sorpresa (%),%,2018,4,Coquimbo,2.64,1.63,3.65,regional
enusc_rps,ENUSC (INE),Robo por sorpresa (%),%,2018,5,Valparaíso,4.99,3.87,6.1,regional
enusc_rps,ENUSC (INE),Robo por sorpresa (%),%,2018,6,O'Higgins,2.29,1.43,3.15,regional
enusc_rps,ENUSC (INE),Robo por sorpresa (%),%,2018,7,Maule,2.29,1.51,3.07,regional
enusc_rps,ENUSC (INE),Robo por sorpresa (%),%,2018,8,Biobío,2.91,2.09,3.74,regional
enusc_rps,ENUSC (INE),Robo por sorpresa (%),%,2018,9,La Araucanía,3.84,2.03,5.65,regional
enusc_rps,ENUSC (INE),Robo por sorpresa (%),%,2018,10,Los Lagos,2.02,1.05,2.99,regional
enusc_rps,ENUSC (INE),Robo por sorpresa (%),%,2018,11,Aysén,0.32,-0.07,0.7,regional
enusc_rps,ENUSC (INE),Robo por sorpresa (%),%,2018,12,Magallanes,0.21,-0.07,0.5,regional
enusc_rps,ENUSC (INE),Robo por sorpresa (%),%,2018,13,Metropolitana,6.03,5.13,6.94,regional
enusc_rps,ENUSC (INE),Robo por sorpresa (%),%,2018,14,Los Ríos,2.51,1.25,3.77,regional
enusc_rps,ENUSC (INE),Robo por sorpresa (%),%,2018,15,Arica y Parinacota,2.17,1.06,3.27,regional
enusc_rps,ENUSC (INE),Robo por sorpresa (%),%,2018,16,Ñuble,2.42,1.19,3.65,regional
enusc_rps,ENUSC (INE),Robo por sorpresa (%),%,2019,0,Nacional,4.07,3.54,4.59,regional
enusc_rps,ENUSC (INE),Robo por sorpresa (%),%,2019,1,Tarapacá,3.59,2.46,4.73,regional
enusc_rps,ENUSC (INE),Robo por sorpresa (%),%,2019,2,Antofagasta,1.81,0.6,3.03,regional
enusc_rps,ENUSC (INE),Robo por sorpresa (%),%,2019,3,Atacama,2.2,1.05,3.36,regional
enusc_rps,ENUSC (INE),Robo por sorpresa (%),%,2019,4,Coquimbo,1.69,0.85,2.53,regional
enusc_rps,ENUSC (INE),Robo por sorpresa (%),%,2019,5,Valparaíso,5.33,3.71,6.96,regional
enusc_rps,ENUSC (INE),Robo por sorpresa (%),%,2019,6,O'Higgins,0.95,0.24,1.67,regional
enusc_rps,ENUSC (INE),Robo por sorpresa (%),%,2019,7,Maule,2.42,1.35,3.49,regional
enusc_rps,ENUSC (INE),Robo por sorpresa (%),%,2019,8,Biobío,2.12,1.49,2.74,regional
enusc_rps,ENUSC (INE),Robo por sorpresa (%),%,2019,9,La Araucanía,2,0.83,3.17,regional
enusc_rps,ENUSC (INE),Robo por sorpresa (%),%,2019,10,Los Lagos,3.28,1.12,5.43,regional
enusc_rps,ENUSC (INE),Robo por sorpresa (%),%,2019,11,Aysén,0.41,-0.14,0.97,regional
enusc_rps,ENUSC (INE),Robo por sorpresa (%),%,2019,12,Magallanes,1.5,0.36,2.64,regional
enusc_rps,ENUSC (INE),Robo por sorpresa (%),%,2019,13,Metropolitana,5.8,4.73,6.87,regional
enusc_rps,ENUSC (INE),Robo por sorpresa (%),%,2019,14,Los Ríos,1.18,0.08,2.29,regional
enusc_rps,ENUSC (INE),Robo por sorpresa (%),%,2019,15,Arica y Parinacota,2.79,1.51,4.06,regional
enusc_rps,ENUSC (INE),Robo por sorpresa (%),%,2019,16,Ñuble,3.2,1.58,4.82,regional
enusc_rps,ENUSC (INE),Robo por sorpresa (%),%,2020,0,Nacional,3.65,3.16,4.14,regional
enusc_rps,ENUSC (INE),Robo por sorpresa (%),%,2020,1,Tarapacá,4.96,3.55,6.37,regional
enusc_rps,ENUSC (INE),Robo por sorpresa (%),%,2020,2,Antofagasta,2.2,1.43,2.97,regional
enusc_rps,ENUSC (INE),Robo por sorpresa (%),%,2020,3,Atacama,1.6,0.82,2.39,regional
enusc_rps,ENUSC (INE),Robo por sorpresa (%),%,2020,4,Coquimbo,2.48,1.23,3.74,regional
enusc_rps,ENUSC (INE),Robo por sorpresa (%),%,2020,5,Valparaíso,2.76,2,3.52,regional
enusc_rps,ENUSC (INE),Robo por sorpresa (%),%,2020,6,O'Higgins,3.19,1.41,4.97,regional
enusc_rps,ENUSC (INE),Robo por sorpresa (%),%,2020,7,Maule,1.68,0.95,2.42,regional
enusc_rps,ENUSC (INE),Robo por sorpresa (%),%,2020,8,Biobío,1.82,1.1,2.55,regional
enusc_rps,ENUSC (INE),Robo por sorpresa (%),%,2020,9,La Araucanía,1.56,0.67,2.46,regional
enusc_rps,ENUSC (INE),Robo por sorpresa (%),%,2020,10,Los Lagos,1.14,0.2,2.08,regional
enusc_rps,ENUSC (INE),Robo por sorpresa (%),%,2020,11,Aysén,0.18,-0.17,0.52,regional
enusc_rps,ENUSC (INE),Robo por sorpresa (%),%,2020,12,Magallanes,0.28,-0.09,0.65,regional
enusc_rps,ENUSC (INE),Robo por sorpresa (%),%,2020,13,Metropolitana,5.37,4.34,6.39,regional
enusc_rps,ENUSC (INE),Robo por sorpresa (%),%,2020,14,Los Ríos,0.44,-0.11,0.99,regional
enusc_rps,ENUSC (INE),Robo por sorpresa (%),%,2020,15,Arica y Parinacota,2.63,1.7,3.55,regional
enusc_rps,ENUSC (INE),Robo por sorpresa (%),%,2020,16,Ñuble,2.79,1.19,4.39,regional
enusc_rps,ENUSC (INE),Robo por sorpresa (%),%,2021,0,Nacional,2.92,2.51,3.34,regional
enusc_rps,ENUSC (INE),Robo por sorpresa (%),%,2021,1,Tarapacá,4.65,2.56,6.73,regional
enusc_rps,ENUSC (INE),Robo por sorpresa (%),%,2021,2,Antofagasta,1.94,0.33,3.55,regional
enusc_rps,ENUSC (INE),Robo por sorpresa (%),%,2021,3,Atacama,1.03,-0.08,2.15,regional
enusc_rps,ENUSC (INE),Robo por sorpresa (%),%,2021,4,Coquimbo,1.66,0.67,2.64,regional
enusc_rps,ENUSC (INE),Robo por sorpresa (%),%,2021,5,Valparaíso,2.78,2.07,3.5,regional
enusc_rps,ENUSC (INE),Robo por sorpresa (%),%,2021,6,O'Higgins,2.77,1.75,3.79,regional
enusc_rps,ENUSC (INE),Robo por sorpresa (%),%,2021,7,Maule,0.96,0.31,1.62,regional
enusc_rps,ENUSC (INE),Robo por sorpresa (%),%,2021,8,Biobío,1.65,0.8,2.49,regional
enusc_rps,ENUSC (INE),Robo por sorpresa (%),%,2021,9,La Araucanía,0.99,0.3,1.68,regional
enusc_rps,ENUSC (INE),Robo por sorpresa (%),%,2021,10,Los Lagos,1.15,-0.01,2.32,regional
enusc_rps,ENUSC (INE),Robo por sorpresa (%),%,2021,11,Aysén,0,0,0,regional
enusc_rps,ENUSC (INE),Robo por sorpresa (%),%,2021,12,Magallanes,0.15,-0.02,0.33,regional
enusc_rps,ENUSC (INE),Robo por sorpresa (%),%,2021,13,Metropolitana,4.15,3.3,5,regional
enusc_rps,ENUSC (INE),Robo por sorpresa (%),%,2021,14,Los Ríos,0.58,0.04,1.11,regional
enusc_rps,ENUSC (INE),Robo por sorpresa (%),%,2021,15,Arica y Parinacota,2.46,1.1,3.83,regional
enusc_rps,ENUSC (INE),Robo por sorpresa (%),%,2021,16,Ñuble,1.83,0.49,3.16,regional
enusc_rps,ENUSC (INE),Robo por sorpresa (%),%,2022,0,Nacional,4.18,3.7,4.66,regional
enusc_rps,ENUSC (INE),Robo por sorpresa (%),%,2022,1,Tarapacá,5.3,3.47,7.14,regional
enusc_rps,ENUSC (INE),Robo por sorpresa (%),%,2022,2,Antofagasta,2.85,1.99,3.7,regional
enusc_rps,ENUSC (INE),Robo por sorpresa (%),%,2022,3,Atacama,2.68,1.17,4.19,regional
enusc_rps,ENUSC (INE),Robo por sorpresa (%),%,2022,4,Coquimbo,2.08,0.85,3.31,regional
enusc_rps,ENUSC (INE),Robo por sorpresa (%),%,2022,5,Valparaíso,3.64,2.39,4.89,regional
enusc_rps,ENUSC (INE),Robo por sorpresa (%),%,2022,6,O'Higgins,1.46,0.35,2.56,regional
enusc_rps,ENUSC (INE),Robo por sorpresa (%),%,2022,7,Maule,1.5,0.7,2.31,regional
enusc_rps,ENUSC (INE),Robo por sorpresa (%),%,2022,8,Biobío,1.97,1.08,2.86,regional
enusc_rps,ENUSC (INE),Robo por sorpresa (%),%,2022,9,La Araucanía,1.4,0.22,2.57,regional
enusc_rps,ENUSC (INE),Robo por sorpresa (%),%,2022,10,Los Lagos,1.28,0,2.56,regional
enusc_rps,ENUSC (INE),Robo por sorpresa (%),%,2022,11,Aysén,0.23,-0.2,0.66,regional
enusc_rps,ENUSC (INE),Robo por sorpresa (%),%,2022,12,Magallanes,0.19,-0.03,0.41,regional
enusc_rps,ENUSC (INE),Robo por sorpresa (%),%,2022,13,Metropolitana,6.39,5.39,7.39,regional
enusc_rps,ENUSC (INE),Robo por sorpresa (%),%,2022,14,Los Ríos,1.55,0.39,2.71,regional
enusc_rps,ENUSC (INE),Robo por sorpresa (%),%,2022,15,Arica y Parinacota,3.35,2.28,4.42,regional
enusc_rps,ENUSC (INE),Robo por sorpresa (%),%,2022,16,Ñuble,1.9,1.13,2.68,regional
enusc_rps,ENUSC (INE),Robo por sorpresa (%),%,2023,0,Nacional,3.8,3.54,4.06,regional
enusc_rps,ENUSC (INE),Robo por sorpresa (%),%,2023,1,Tarapacá,3.31,2.28,4.35,regional
enusc_rps,ENUSC (INE),Robo por sorpresa (%),%,2023,2,Antofagasta,1.83,1.16,2.49,regional
enusc_rps,ENUSC (INE),Robo por sorpresa (%),%,2023,3,Atacama,1.19,0.41,1.97,regional
enusc_rps,ENUSC (INE),Robo por sorpresa (%),%,2023,4,Coquimbo,1.08,0.53,1.64,regional
enusc_rps,ENUSC (INE),Robo por sorpresa (%),%,2023,5,Valparaíso,3.18,2.56,3.79,regional
enusc_rps,ENUSC (INE),Robo por sorpresa (%),%,2023,6,O'Higgins,2.06,1.02,3.09,regional
enusc_rps,ENUSC (INE),Robo por sorpresa (%),%,2023,7,Maule,1.6,1.07,2.14,regional
enusc_rps,ENUSC (INE),Robo por sorpresa (%),%,2023,8,Biobío,1.89,1.38,2.41,regional
enusc_rps,ENUSC (INE),Robo por sorpresa (%),%,2023,9,La Araucanía,2.32,1.35,3.29,regional
enusc_rps,ENUSC (INE),Robo por sorpresa (%),%,2023,10,Los Lagos,1.61,0.8,2.42,regional
enusc_rps,ENUSC (INE),Robo por sorpresa (%),%,2023,11,Aysén,0.35,-0.14,0.84,regional
enusc_rps,ENUSC (INE),Robo por sorpresa (%),%,2023,12,Magallanes,0.2,-0.11,0.52,regional
enusc_rps,ENUSC (INE),Robo por sorpresa (%),%,2023,13,Metropolitana,5.83,5.33,6.33,regional
enusc_rps,ENUSC (INE),Robo por sorpresa (%),%,2023,14,Los Ríos,2.12,0.75,3.48,regional
enusc_rps,ENUSC (INE),Robo por sorpresa (%),%,2023,15,Arica y Parinacota,2.44,1.43,3.46,regional
enusc_rps,ENUSC (INE),Robo por sorpresa (%),%,2023,16,Ñuble,1.82,0.89,2.75,regional
enusc_rps,ENUSC (INE),Robo por sorpresa (%),%,2024,0,Nacional,4.34,3.94,4.75,regional
enusc_rps,ENUSC (INE),Robo por sorpresa (%),%,2024,1,Tarapacá,3.13,1.9,4.35,regional
enusc_rps,ENUSC (INE),Robo por sorpresa (%),%,2024,2,Antofagasta,2.7,1.5,3.89,regional
enusc_rps,ENUSC (INE),Robo por sorpresa (%),%,2024,3,Atacama,2.17,0.96,3.37,regional
enusc_rps,ENUSC (INE),Robo por sorpresa (%),%,2024,4,Coquimbo,2.08,1.18,2.98,regional
enusc_rps,ENUSC (INE),Robo por sorpresa (%),%,2024,5,Valparaíso,4.43,3.5,5.35,regional
enusc_rps,ENUSC (INE),Robo por sorpresa (%),%,2024,6,O'Higgins,1.46,0.62,2.3,regional
enusc_rps,ENUSC (INE),Robo por sorpresa (%),%,2024,7,Maule,0.74,0.18,1.29,regional
enusc_rps,ENUSC (INE),Robo por sorpresa (%),%,2024,8,Biobío,2.29,1.45,3.14,regional
enusc_rps,ENUSC (INE),Robo por sorpresa (%),%,2024,9,La Araucanía,1.8,0.77,2.83,regional
enusc_rps,ENUSC (INE),Robo por sorpresa (%),%,2024,10,Los Lagos,1.23,0.56,1.9,regional
enusc_rps,ENUSC (INE),Robo por sorpresa (%),%,2024,11,Aysén,0,0,0,regional
enusc_rps,ENUSC (INE),Robo por sorpresa (%),%,2024,12,Magallanes,0.65,0.04,1.27,regional
enusc_rps,ENUSC (INE),Robo por sorpresa (%),%,2024,13,Metropolitana,6.72,5.91,7.53,regional
enusc_rps,ENUSC (INE),Robo por sorpresa (%),%,2024,14,Los Ríos,2.22,1.28,3.17,regional
enusc_rps,ENUSC (INE),Robo por sorpresa (%),%,2024,15,Arica y Parinacota,1.83,1.01,2.64,regional
enusc_rps,ENUSC (INE),Robo por sorpresa (%),%,2024,16,Ñuble,1.64,0.76,2.53,regional
enusc_rvi,ENUSC (INE),Robo con violencia o intimidación (%),%,2008,0,Nacional,7.57,6.99,8.15,regional
enusc_rvi,ENUSC (INE),Robo con violencia o intimidación (%),%,2009,0,Nacional,7.34,6.63,8.04,regional
enusc_rvi,ENUSC (INE),Robo con violencia o intimidación (%),%,2010,0,Nacional,5.89,5.34,6.44,regional
enusc_rvi,ENUSC (INE),Robo con violencia o intimidación (%),%,2011,0,Nacional,6.15,5.6,6.71,regional
enusc_rvi,ENUSC (INE),Robo con violencia o intimidación (%),%,2012,0,Nacional,4.89,4.35,5.44,regional
enusc_rvi,ENUSC (INE),Robo con violencia o intimidación (%),%,2013,0,Nacional,4.61,4.08,5.13,regional
enusc_rvi,ENUSC (INE),Robo con violencia o intimidación (%),%,2014,0,Nacional,4.5,3.92,5.09,regional
enusc_rvi,ENUSC (INE),Robo con violencia o intimidación (%),%,2015,0,Nacional,5.4,4.88,5.92,regional
enusc_rvi,ENUSC (INE),Robo con violencia o intimidación (%),%,2016,0,Nacional,5.96,5.48,6.44,regional
enusc_rvi,ENUSC (INE),Robo con violencia o intimidación (%),%,2017,0,Nacional,6.18,5.66,6.69,regional
enusc_rvi,ENUSC (INE),Robo con violencia o intimidación (%),%,2018,0,Nacional,5.61,4.97,6.25,regional
enusc_rvi,ENUSC (INE),Robo con violencia o intimidación (%),%,2018,1,Tarapacá,6.24,4.35,8.13,regional
enusc_rvi,ENUSC (INE),Robo con violencia o intimidación (%),%,2018,2,Antofagasta,3.91,2.59,5.23,regional
enusc_rvi,ENUSC (INE),Robo con violencia o intimidación (%),%,2018,3,Atacama,3.03,0.89,5.17,regional
enusc_rvi,ENUSC (INE),Robo con violencia o intimidación (%),%,2018,4,Coquimbo,3.5,2.32,4.69,regional
enusc_rvi,ENUSC (INE),Robo con violencia o intimidación (%),%,2018,5,Valparaíso,3.16,2.36,3.97,regional
enusc_rvi,ENUSC (INE),Robo con violencia o intimidación (%),%,2018,6,O'Higgins,2.22,1.3,3.13,regional
enusc_rvi,ENUSC (INE),Robo con violencia o intimidación (%),%,2018,7,Maule,1.04,0.33,1.75,regional
enusc_rvi,ENUSC (INE),Robo con violencia o intimidación (%),%,2018,8,Biobío,4.28,2.97,5.58,regional
enusc_rvi,ENUSC (INE),Robo con violencia o intimidación (%),%,2018,9,La Araucanía,2.51,1.18,3.85,regional
enusc_rvi,ENUSC (INE),Robo con violencia o intimidación (%),%,2018,10,Los Lagos,2.74,1.31,4.17,regional
enusc_rvi,ENUSC (INE),Robo con violencia o intimidación (%),%,2018,11,Aysén,1.22,0.02,2.42,regional
enusc_rvi,ENUSC (INE),Robo con violencia o intimidación (%),%,2018,12,Magallanes,0.36,-0.35,1.07,regional
enusc_rvi,ENUSC (INE),Robo con violencia o intimidación (%),%,2018,13,Metropolitana,8.89,7.55,10.22,regional
enusc_rvi,ENUSC (INE),Robo con violencia o intimidación (%),%,2018,14,Los Ríos,1.52,0.73,2.31,regional
enusc_rvi,ENUSC (INE),Robo con violencia o intimidación (%),%,2018,15,Arica y Parinacota,4.37,2.35,6.38,regional
enusc_rvi,ENUSC (INE),Robo con violencia o intimidación (%),%,2018,16,Ñuble,2.36,0.94,3.77,regional
enusc_rvi,ENUSC (INE),Robo con violencia o intimidación (%),%,2019,0,Nacional,4.82,4.29,5.35,regional
enusc_rvi,ENUSC (INE),Robo con violencia o intimidación (%),%,2019,1,Tarapacá,3.86,2.74,4.99,regional
enusc_rvi,ENUSC (INE),Robo con violencia o intimidación (%),%,2019,2,Antofagasta,3.7,2.16,5.25,regional
enusc_rvi,ENUSC (INE),Robo con violencia o intimidación (%),%,2019,3,Atacama,3.42,2.19,4.65,regional
enusc_rvi,ENUSC (INE),Robo con violencia o intimidación (%),%,2019,4,Coquimbo,2.42,1.43,3.41,regional
enusc_rvi,ENUSC (INE),Robo con violencia o intimidación (%),%,2019,5,Valparaíso,2.63,1.75,3.52,regional
enusc_rvi,ENUSC (INE),Robo con violencia o intimidación (%),%,2019,6,O'Higgins,2.91,1.37,4.44,regional
enusc_rvi,ENUSC (INE),Robo con violencia o intimidación (%),%,2019,7,Maule,3.35,1.91,4.79,regional
enusc_rvi,ENUSC (INE),Robo con violencia o intimidación (%),%,2019,8,Biobío,4.25,2.99,5.52,regional
enusc_rvi,ENUSC (INE),Robo con violencia o intimidación (%),%,2019,9,La Araucanía,1.29,0.1,2.48,regional
enusc_rvi,ENUSC (INE),Robo con violencia o intimidación (%),%,2019,10,Los Lagos,0.99,0.07,1.91,regional
enusc_rvi,ENUSC (INE),Robo con violencia o intimidación (%),%,2019,11,Aysén,0.84,0.19,1.5,regional
enusc_rvi,ENUSC (INE),Robo con violencia o intimidación (%),%,2019,12,Magallanes,0.86,-0.36,2.07,regional
enusc_rvi,ENUSC (INE),Robo con violencia o intimidación (%),%,2019,13,Metropolitana,7.43,6.24,8.62,regional
enusc_rvi,ENUSC (INE),Robo con violencia o intimidación (%),%,2019,14,Los Ríos,1.14,0.17,2.12,regional
enusc_rvi,ENUSC (INE),Robo con violencia o intimidación (%),%,2019,15,Arica y Parinacota,4.57,2.69,6.45,regional
enusc_rvi,ENUSC (INE),Robo con violencia o intimidación (%),%,2019,16,Ñuble,2.3,1.25,3.35,regional
enusc_rvi,ENUSC (INE),Robo con violencia o intimidación (%),%,2020,0,Nacional,4.6,4.09,5.1,regional
enusc_rvi,ENUSC (INE),Robo con violencia o intimidación (%),%,2020,1,Tarapacá,3.68,2.28,5.08,regional
enusc_rvi,ENUSC (INE),Robo con violencia o intimidación (%),%,2020,2,Antofagasta,3.47,1.96,4.99,regional
enusc_rvi,ENUSC (INE),Robo con violencia o intimidación (%),%,2020,3,Atacama,1.87,0.87,2.88,regional
enusc_rvi,ENUSC (INE),Robo con violencia o intimidación (%),%,2020,4,Coquimbo,3.37,1.98,4.77,regional
enusc_rvi,ENUSC (INE),Robo con violencia o intimidación (%),%,2020,5,Valparaíso,2.96,2.05,3.86,regional
enusc_rvi,ENUSC (INE),Robo con violencia o intimidación (%),%,2020,6,O'Higgins,2.84,1.68,4,regional
enusc_rvi,ENUSC (INE),Robo con violencia o intimidación (%),%,2020,7,Maule,1.98,1.02,2.94,regional
enusc_rvi,ENUSC (INE),Robo con violencia o intimidación (%),%,2020,8,Biobío,2.71,1.67,3.75,regional
enusc_rvi,ENUSC (INE),Robo con violencia o intimidación (%),%,2020,9,La Araucanía,1.01,0.02,2,regional
enusc_rvi,ENUSC (INE),Robo con violencia o intimidación (%),%,2020,10,Los Lagos,1,0.04,1.96,regional
enusc_rvi,ENUSC (INE),Robo con violencia o intimidación (%),%,2020,11,Aysén,0.3,-0.03,0.63,regional
enusc_rvi,ENUSC (INE),Robo con violencia o intimidación (%),%,2020,12,Magallanes,0.51,-0.16,1.18,regional
enusc_rvi,ENUSC (INE),Robo con violencia o intimidación (%),%,2020,13,Metropolitana,7.13,6.1,8.16,regional
enusc_rvi,ENUSC (INE),Robo con violencia o intimidación (%),%,2020,14,Los Ríos,0.41,-0.1,0.93,regional
enusc_rvi,ENUSC (INE),Robo con violencia o intimidación (%),%,2020,15,Arica y Parinacota,5.25,3.66,6.84,regional
enusc_rvi,ENUSC (INE),Robo con violencia o intimidación (%),%,2020,16,Ñuble,1.45,0.8,2.1,regional
enusc_rvi,ENUSC (INE),Robo con violencia o intimidación (%),%,2021,0,Nacional,3.89,3.41,4.36,regional
enusc_rvi,ENUSC (INE),Robo con violencia o intimidación (%),%,2021,1,Tarapacá,4.92,3.54,6.31,regional
enusc_rvi,ENUSC (INE),Robo con violencia o intimidación (%),%,2021,2,Antofagasta,3.61,1.72,5.49,regional
enusc_rvi,ENUSC (INE),Robo con violencia o intimidación (%),%,2021,3,Atacama,1.11,0.47,1.76,regional
enusc_rvi,ENUSC (INE),Robo con violencia o intimidación (%),%,2021,4,Coquimbo,2.94,1.66,4.22,regional
enusc_rvi,ENUSC (INE),Robo con violencia o intimidación (%),%,2021,5,Valparaíso,3.38,2.07,4.7,regional
enusc_rvi,ENUSC (INE),Robo con violencia o intimidación (%),%,2021,6,O'Higgins,2.52,1.09,3.96,regional
enusc_rvi,ENUSC (INE),Robo con violencia o intimidación (%),%,2021,7,Maule,1.63,0.72,2.54,regional
enusc_rvi,ENUSC (INE),Robo con violencia o intimidación (%),%,2021,8,Biobío,2.18,1.32,3.04,regional
enusc_rvi,ENUSC (INE),Robo con violencia o intimidación (%),%,2021,9,La Araucanía,0.93,0.24,1.61,regional
enusc_rvi,ENUSC (INE),Robo con violencia o intimidación (%),%,2021,10,Los Lagos,1.6,0.74,2.45,regional
enusc_rvi,ENUSC (INE),Robo con violencia o intimidación (%),%,2021,11,Aysén,0.39,-0.05,0.84,regional
enusc_rvi,ENUSC (INE),Robo con violencia o intimidación (%),%,2021,12,Magallanes,0.06,-0.06,0.17,regional
enusc_rvi,ENUSC (INE),Robo con violencia o intimidación (%),%,2021,13,Metropolitana,5.59,4.65,6.54,regional
enusc_rvi,ENUSC (INE),Robo con violencia o intimidación (%),%,2021,14,Los Ríos,1.56,0.41,2.72,regional
enusc_rvi,ENUSC (INE),Robo con violencia o intimidación (%),%,2021,15,Arica y Parinacota,3.7,2.15,5.25,regional
enusc_rvi,ENUSC (INE),Robo con violencia o intimidación (%),%,2021,16,Ñuble,1.86,1.1,2.62,regional
enusc_rvi,ENUSC (INE),Robo con violencia o intimidación (%),%,2022,0,Nacional,5.33,4.81,5.85,regional
enusc_rvi,ENUSC (INE),Robo con violencia o intimidación (%),%,2022,1,Tarapacá,8.23,5.76,10.69,regional
enusc_rvi,ENUSC (INE),Robo con violencia o intimidación (%),%,2022,2,Antofagasta,3.55,1.51,5.59,regional
enusc_rvi,ENUSC (INE),Robo con violencia o intimidación (%),%,2022,3,Atacama,2.24,1.15,3.34,regional
enusc_rvi,ENUSC (INE),Robo con violencia o intimidación (%),%,2022,4,Coquimbo,2.43,1.14,3.72,regional
enusc_rvi,ENUSC (INE),Robo con violencia o intimidación (%),%,2022,5,Valparaíso,3.79,2.9,4.68,regional
enusc_rvi,ENUSC (INE),Robo con violencia o intimidación (%),%,2022,6,O'Higgins,2.75,1.55,3.95,regional
enusc_rvi,ENUSC (INE),Robo con violencia o intimidación (%),%,2022,7,Maule,2.05,1.07,3.03,regional
enusc_rvi,ENUSC (INE),Robo con violencia o intimidación (%),%,2022,8,Biobío,2.41,1.32,3.49,regional
enusc_rvi,ENUSC (INE),Robo con violencia o intimidación (%),%,2022,9,La Araucanía,3.63,2.03,5.24,regional
enusc_rvi,ENUSC (INE),Robo con violencia o intimidación (%),%,2022,10,Los Lagos,0.78,0.03,1.53,regional
enusc_rvi,ENUSC (INE),Robo con violencia o intimidación (%),%,2022,11,Aysén,0.37,-0.05,0.8,regional
enusc_rvi,ENUSC (INE),Robo con violencia o intimidación (%),%,2022,12,Magallanes,0.2,-0.03,0.44,regional
enusc_rvi,ENUSC (INE),Robo con violencia o intimidación (%),%,2022,13,Metropolitana,8.12,7.06,9.18,regional
enusc_rvi,ENUSC (INE),Robo con violencia o intimidación (%),%,2022,14,Los Ríos,1.51,0.47,2.55,regional
enusc_rvi,ENUSC (INE),Robo con violencia o intimidación (%),%,2022,15,Arica y Parinacota,6.43,4.14,8.73,regional
enusc_rvi,ENUSC (INE),Robo con violencia o intimidación (%),%,2022,16,Ñuble,2.37,1.45,3.29,regional
enusc_rvi,ENUSC (INE),Robo con violencia o intimidación (%),%,2023,0,Nacional,4.11,3.84,4.39,regional
enusc_rvi,ENUSC (INE),Robo con violencia o intimidación (%),%,2023,1,Tarapacá,3.76,2.68,4.84,regional
enusc_rvi,ENUSC (INE),Robo con violencia o intimidación (%),%,2023,2,Antofagasta,4.06,2.91,5.2,regional
enusc_rvi,ENUSC (INE),Robo con violencia o intimidación (%),%,2023,3,Atacama,3.66,2.15,5.18,regional
enusc_rvi,ENUSC (INE),Robo con violencia o intimidación (%),%,2023,4,Coquimbo,2.06,1.23,2.9,regional
enusc_rvi,ENUSC (INE),Robo con violencia o intimidación (%),%,2023,5,Valparaíso,2.93,2.33,3.52,regional
enusc_rvi,ENUSC (INE),Robo con violencia o intimidación (%),%,2023,6,O'Higgins,2.53,1.46,3.59,regional
enusc_rvi,ENUSC (INE),Robo con violencia o intimidación (%),%,2023,7,Maule,1.76,1.13,2.39,regional
enusc_rvi,ENUSC (INE),Robo con violencia o intimidación (%),%,2023,8,Biobío,2.17,1.63,2.71,regional
enusc_rvi,ENUSC (INE),Robo con violencia o intimidación (%),%,2023,9,La Araucanía,0.95,0.32,1.57,regional
enusc_rvi,ENUSC (INE),Robo con violencia o intimidación (%),%,2023,10,Los Lagos,1.26,0.45,2.06,regional
enusc_rvi,ENUSC (INE),Robo con violencia o intimidación (%),%,2023,11,Aysén,0.59,0.02,1.15,regional
enusc_rvi,ENUSC (INE),Robo con violencia o intimidación (%),%,2023,12,Magallanes,0.46,-0.08,1,regional
enusc_rvi,ENUSC (INE),Robo con violencia o intimidación (%),%,2023,13,Metropolitana,6.12,5.59,6.65,regional
enusc_rvi,ENUSC (INE),Robo con violencia o intimidación (%),%,2023,14,Los Ríos,2.35,0.88,3.81,regional
enusc_rvi,ENUSC (INE),Robo con violencia o intimidación (%),%,2023,15,Arica y Parinacota,5.01,3.62,6.39,regional
enusc_rvi,ENUSC (INE),Robo con violencia o intimidación (%),%,2023,16,Ñuble,2.31,1.13,3.49,regional
enusc_rvi,ENUSC (INE),Robo con violencia o intimidación (%),%,2024,0,Nacional,4.09,3.67,4.51,regional
enusc_rvi,ENUSC (INE),Robo con violencia o intimidación (%),%,2024,1,Tarapacá,4.2,2.93,5.46,regional
enusc_rvi,ENUSC (INE),Robo con violencia o intimidación (%),%,2024,2,Antofagasta,2.25,1.29,3.22,regional
enusc_rvi,ENUSC (INE),Robo con violencia o intimidación (%),%,2024,3,Atacama,2.43,1.24,3.63,regional
enusc_rvi,ENUSC (INE),Robo con violencia o intimidación (%),%,2024,4,Coquimbo,2.02,1.05,3,regional
enusc_rvi,ENUSC (INE),Robo con violencia o intimidación (%),%,2024,5,Valparaíso,2.84,2.11,3.57,regional
enusc_rvi,ENUSC (INE),Robo con violencia o intimidación (%),%,2024,6,O'Higgins,2.05,0.95,3.14,regional
enusc_rvi,ENUSC (INE),Robo con violencia o intimidación (%),%,2024,7,Maule,1.38,0.65,2.11,regional
enusc_rvi,ENUSC (INE),Robo con violencia o intimidación (%),%,2024,8,Biobío,2.4,1.5,3.29,regional
enusc_rvi,ENUSC (INE),Robo con violencia o intimidación (%),%,2024,9,La Araucanía,1.24,0.45,2.03,regional
enusc_rvi,ENUSC (INE),Robo con violencia o intimidación (%),%,2024,10,Los Lagos,1.3,0.57,2.03,regional
enusc_rvi,ENUSC (INE),Robo con violencia o intimidación (%),%,2024,11,Aysén,0.17,-0.16,0.5,regional
enusc_rvi,ENUSC (INE),Robo con violencia o intimidación (%),%,2024,12,Magallanes,0.56,0.07,1.06,regional
enusc_rvi,ENUSC (INE),Robo con violencia o intimidación (%),%,2024,13,Metropolitana,6.43,5.57,7.28,regional
enusc_rvi,ENUSC (INE),Robo con violencia o intimidación (%),%,2024,14,Los Ríos,0.92,0.17,1.66,regional
enusc_rvi,ENUSC (INE),Robo con violencia o intimidación (%),%,2024,15,Arica y Parinacota,3.67,2.35,4.99,regional
enusc_rvi,ENUSC (INE),Robo con violencia o intimidación (%),%,2024,16,Ñuble,1.38,0.57,2.18,regional
enusc_vh_dmcs,ENUSC (INE),Hogar víctima de delito (DMCS) (%),%,2008,0,Nacional,31.9,31.07,32.72,regional
enusc_vh_dmcs,ENUSC (INE),Hogar víctima de delito (DMCS) (%),%,2009,0,Nacional,30.67,29.6,31.74,regional
enusc_vh_dmcs,ENUSC (INE),Hogar víctima de delito (DMCS) (%),%,2010,0,Nacional,25.6,24.7,26.5,regional
enusc_vh_dmcs,ENUSC (INE),Hogar víctima de delito (DMCS) (%),%,2011,0,Nacional,28.84,27.88,29.81,regional
enusc_vh_dmcs,ENUSC (INE),Hogar víctima de delito (DMCS) (%),%,2012,0,Nacional,24.33,23.32,25.34,regional
enusc_vh_dmcs,ENUSC (INE),Hogar víctima de delito (DMCS) (%),%,2013,0,Nacional,22.81,21.79,23.83,regional
enusc_vh_dmcs,ENUSC (INE),Hogar víctima de delito (DMCS) (%),%,2014,0,Nacional,23.48,22.14,24.81,regional
enusc_vh_dmcs,ENUSC (INE),Hogar víctima de delito (DMCS) (%),%,2015,0,Nacional,26.37,25.26,27.48,regional
enusc_vh_dmcs,ENUSC (INE),Hogar víctima de delito (DMCS) (%),%,2016,0,Nacional,27.29,26.36,28.21,regional
enusc_vh_dmcs,ENUSC (INE),Hogar víctima de delito (DMCS) (%),%,2017,0,Nacional,27.95,27.06,28.85,regional
enusc_vh_dmcs,ENUSC (INE),Hogar víctima de delito (DMCS) (%),%,2018,0,Nacional,25.38,24.49,26.26,regional
enusc_vh_dmcs,ENUSC (INE),Hogar víctima de delito (DMCS) (%),%,2018,1,Tarapacá,34.73,29.11,40.35,regional
enusc_vh_dmcs,ENUSC (INE),Hogar víctima de delito (DMCS) (%),%,2018,2,Antofagasta,22.48,19.23,25.73,regional
enusc_vh_dmcs,ENUSC (INE),Hogar víctima de delito (DMCS) (%),%,2018,3,Atacama,24.41,21.72,27.11,regional
enusc_vh_dmcs,ENUSC (INE),Hogar víctima de delito (DMCS) (%),%,2018,4,Coquimbo,18.94,16.35,21.53,regional
enusc_vh_dmcs,ENUSC (INE),Hogar víctima de delito (DMCS) (%),%,2018,5,Valparaíso,25.08,23.38,26.78,regional
enusc_vh_dmcs,ENUSC (INE),Hogar víctima de delito (DMCS) (%),%,2018,6,O'Higgins,24.14,21.85,26.44,regional
enusc_vh_dmcs,ENUSC (INE),Hogar víctima de delito (DMCS) (%),%,2018,7,Maule,17.26,14.34,20.19,regional
enusc_vh_dmcs,ENUSC (INE),Hogar víctima de delito (DMCS) (%),%,2018,8,Biobío,23.61,21.06,26.16,regional
enusc_vh_dmcs,ENUSC (INE),Hogar víctima de delito (DMCS) (%),%,2018,9,La Araucanía,19.86,17.03,22.69,regional
enusc_vh_dmcs,ENUSC (INE),Hogar víctima de delito (DMCS) (%),%,2018,10,Los Lagos,16.2,13.86,18.55,regional
enusc_vh_dmcs,ENUSC (INE),Hogar víctima de delito (DMCS) (%),%,2018,11,Aysén,12.57,9.02,16.13,regional
enusc_vh_dmcs,ENUSC (INE),Hogar víctima de delito (DMCS) (%),%,2018,12,Magallanes,6.55,4.94,8.16,regional
enusc_vh_dmcs,ENUSC (INE),Hogar víctima de delito (DMCS) (%),%,2018,13,Metropolitana,30.12,28.47,31.77,regional
enusc_vh_dmcs,ENUSC (INE),Hogar víctima de delito (DMCS) (%),%,2018,14,Los Ríos,20.66,17.86,23.47,regional
enusc_vh_dmcs,ENUSC (INE),Hogar víctima de delito (DMCS) (%),%,2018,15,Arica y Parinacota,24.34,20.5,28.18,regional
enusc_vh_dmcs,ENUSC (INE),Hogar víctima de delito (DMCS) (%),%,2018,16,Ñuble,23.78,18.56,29,regional
enusc_vh_dmcs,ENUSC (INE),Hogar víctima de delito (DMCS) (%),%,2019,0,Nacional,23.34,22.24,24.44,regional
enusc_vh_dmcs,ENUSC (INE),Hogar víctima de delito (DMCS) (%),%,2019,1,Tarapacá,32.69,29.08,36.31,regional
enusc_vh_dmcs,ENUSC (INE),Hogar víctima de delito (DMCS) (%),%,2019,2,Antofagasta,19.85,16.52,23.17,regional
enusc_vh_dmcs,ENUSC (INE),Hogar víctima de delito (DMCS) (%),%,2019,3,Atacama,17.64,14.87,20.42,regional
enusc_vh_dmcs,ENUSC (INE),Hogar víctima de delito (DMCS) (%),%,2019,4,Coquimbo,19.49,16.67,22.31,regional
enusc_vh_dmcs,ENUSC (INE),Hogar víctima de delito (DMCS) (%),%,2019,5,Valparaíso,21.84,19.51,24.17,regional
enusc_vh_dmcs,ENUSC (INE),Hogar víctima de delito (DMCS) (%),%,2019,6,O'Higgins,21.71,18.69,24.73,regional
enusc_vh_dmcs,ENUSC (INE),Hogar víctima de delito (DMCS) (%),%,2019,7,Maule,19.68,15.91,23.45,regional
enusc_vh_dmcs,ENUSC (INE),Hogar víctima de delito (DMCS) (%),%,2019,8,Biobío,20.23,18.16,22.3,regional
enusc_vh_dmcs,ENUSC (INE),Hogar víctima de delito (DMCS) (%),%,2019,9,La Araucanía,21,16.77,25.22,regional
enusc_vh_dmcs,ENUSC (INE),Hogar víctima de delito (DMCS) (%),%,2019,10,Los Lagos,18.12,15.68,20.55,regional
enusc_vh_dmcs,ENUSC (INE),Hogar víctima de delito (DMCS) (%),%,2019,11,Aysén,7.9,6.03,9.77,regional
enusc_vh_dmcs,ENUSC (INE),Hogar víctima de delito (DMCS) (%),%,2019,12,Magallanes,11.3,8.47,14.13,regional
enusc_vh_dmcs,ENUSC (INE),Hogar víctima de delito (DMCS) (%),%,2019,13,Metropolitana,27.45,25.14,29.76,regional
enusc_vh_dmcs,ENUSC (INE),Hogar víctima de delito (DMCS) (%),%,2019,14,Los Ríos,18,14.65,21.34,regional
enusc_vh_dmcs,ENUSC (INE),Hogar víctima de delito (DMCS) (%),%,2019,15,Arica y Parinacota,29.35,24.28,34.41,regional
enusc_vh_dmcs,ENUSC (INE),Hogar víctima de delito (DMCS) (%),%,2019,16,Ñuble,19.21,15.65,22.76,regional
enusc_vh_dmcs,ENUSC (INE),Hogar víctima de delito (DMCS) (%),%,2020,0,Nacional,19.17,18.37,19.98,regional
enusc_vh_dmcs,ENUSC (INE),Hogar víctima de delito (DMCS) (%),%,2020,1,Tarapacá,27.3,24.01,30.59,regional
enusc_vh_dmcs,ENUSC (INE),Hogar víctima de delito (DMCS) (%),%,2020,2,Antofagasta,17.65,15.3,20.01,regional
enusc_vh_dmcs,ENUSC (INE),Hogar víctima de delito (DMCS) (%),%,2020,3,Atacama,13.94,12.15,15.73,regional
enusc_vh_dmcs,ENUSC (INE),Hogar víctima de delito (DMCS) (%),%,2020,4,Coquimbo,16.05,13.4,18.7,regional
enusc_vh_dmcs,ENUSC (INE),Hogar víctima de delito (DMCS) (%),%,2020,5,Valparaíso,17.15,14.68,19.62,regional
enusc_vh_dmcs,ENUSC (INE),Hogar víctima de delito (DMCS) (%),%,2020,6,O'Higgins,17.22,14.13,20.31,regional
enusc_vh_dmcs,ENUSC (INE),Hogar víctima de delito (DMCS) (%),%,2020,7,Maule,13.31,10.97,15.65,regional
enusc_vh_dmcs,ENUSC (INE),Hogar víctima de delito (DMCS) (%),%,2020,8,Biobío,15.71,13.32,18.11,regional
enusc_vh_dmcs,ENUSC (INE),Hogar víctima de delito (DMCS) (%),%,2020,9,La Araucanía,14.88,11.31,18.46,regional
enusc_vh_dmcs,ENUSC (INE),Hogar víctima de delito (DMCS) (%),%,2020,10,Los Lagos,12.68,10.6,14.76,regional
enusc_vh_dmcs,ENUSC (INE),Hogar víctima de delito (DMCS) (%),%,2020,11,Aysén,6.09,4.16,8.03,regional
enusc_vh_dmcs,ENUSC (INE),Hogar víctima de delito (DMCS) (%),%,2020,12,Magallanes,4.3,2.08,6.52,regional
enusc_vh_dmcs,ENUSC (INE),Hogar víctima de delito (DMCS) (%),%,2020,13,Metropolitana,22.82,21.41,24.23,regional
enusc_vh_dmcs,ENUSC (INE),Hogar víctima de delito (DMCS) (%),%,2020,14,Los Ríos,16.7,13.28,20.12,regional
enusc_vh_dmcs,ENUSC (INE),Hogar víctima de delito (DMCS) (%),%,2020,15,Arica y Parinacota,29.85,26.33,33.37,regional
enusc_vh_dmcs,ENUSC (INE),Hogar víctima de delito (DMCS) (%),%,2020,16,Ñuble,19.31,15.43,23.19,regional
enusc_vh_dmcs,ENUSC (INE),Hogar víctima de delito (DMCS) (%),%,2021,0,Nacional,16.92,16.07,17.77,regional
enusc_vh_dmcs,ENUSC (INE),Hogar víctima de delito (DMCS) (%),%,2021,1,Tarapacá,30.07,25.9,34.24,regional
enusc_vh_dmcs,ENUSC (INE),Hogar víctima de delito (DMCS) (%),%,2021,2,Antofagasta,16.61,12.31,20.9,regional
enusc_vh_dmcs,ENUSC (INE),Hogar víctima de delito (DMCS) (%),%,2021,3,Atacama,10.9,8.37,13.44,regional
enusc_vh_dmcs,ENUSC (INE),Hogar víctima de delito (DMCS) (%),%,2021,4,Coquimbo,13.74,11.14,16.33,regional
enusc_vh_dmcs,ENUSC (INE),Hogar víctima de delito (DMCS) (%),%,2021,5,Valparaíso,15.05,13.59,16.51,regional
enusc_vh_dmcs,ENUSC (INE),Hogar víctima de delito (DMCS) (%),%,2021,6,O'Higgins,15.03,13.35,16.71,regional
enusc_vh_dmcs,ENUSC (INE),Hogar víctima de delito (DMCS) (%),%,2021,7,Maule,10.91,8.28,13.55,regional
enusc_vh_dmcs,ENUSC (INE),Hogar víctima de delito (DMCS) (%),%,2021,8,Biobío,12.84,11.17,14.51,regional
enusc_vh_dmcs,ENUSC (INE),Hogar víctima de delito (DMCS) (%),%,2021,9,La Araucanía,12.83,10.18,15.47,regional
enusc_vh_dmcs,ENUSC (INE),Hogar víctima de delito (DMCS) (%),%,2021,10,Los Lagos,7.92,6.13,9.71,regional
enusc_vh_dmcs,ENUSC (INE),Hogar víctima de delito (DMCS) (%),%,2021,11,Aysén,3.93,2.81,5.06,regional
enusc_vh_dmcs,ENUSC (INE),Hogar víctima de delito (DMCS) (%),%,2021,12,Magallanes,3.18,2.06,4.31,regional
enusc_vh_dmcs,ENUSC (INE),Hogar víctima de delito (DMCS) (%),%,2021,13,Metropolitana,20.84,19.13,22.54,regional
enusc_vh_dmcs,ENUSC (INE),Hogar víctima de delito (DMCS) (%),%,2021,14,Los Ríos,13.82,8.77,18.88,regional
enusc_vh_dmcs,ENUSC (INE),Hogar víctima de delito (DMCS) (%),%,2021,15,Arica y Parinacota,29.42,26.02,32.82,regional
enusc_vh_dmcs,ENUSC (INE),Hogar víctima de delito (DMCS) (%),%,2021,16,Ñuble,13.85,11.64,16.06,regional
enusc_vh_dmcs,ENUSC (INE),Hogar víctima de delito (DMCS) (%),%,2022,0,Nacional,21.76,20.78,22.73,regional
enusc_vh_dmcs,ENUSC (INE),Hogar víctima de delito (DMCS) (%),%,2022,1,Tarapacá,33.9,30.73,37.07,regional
enusc_vh_dmcs,ENUSC (INE),Hogar víctima de delito (DMCS) (%),%,2022,2,Antofagasta,18.74,16.17,21.31,regional
enusc_vh_dmcs,ENUSC (INE),Hogar víctima de delito (DMCS) (%),%,2022,3,Atacama,11.8,8.86,14.74,regional
enusc_vh_dmcs,ENUSC (INE),Hogar víctima de delito (DMCS) (%),%,2022,4,Coquimbo,17.81,13.8,21.81,regional
enusc_vh_dmcs,ENUSC (INE),Hogar víctima de delito (DMCS) (%),%,2022,5,Valparaíso,19.35,16.93,21.77,regional
enusc_vh_dmcs,ENUSC (INE),Hogar víctima de delito (DMCS) (%),%,2022,6,O'Higgins,18.04,15.21,20.87,regional
enusc_vh_dmcs,ENUSC (INE),Hogar víctima de delito (DMCS) (%),%,2022,7,Maule,14.17,12.18,16.17,regional
enusc_vh_dmcs,ENUSC (INE),Hogar víctima de delito (DMCS) (%),%,2022,8,Biobío,14.26,12.33,16.19,regional
enusc_vh_dmcs,ENUSC (INE),Hogar víctima de delito (DMCS) (%),%,2022,9,La Araucanía,12.61,9.33,15.9,regional
enusc_vh_dmcs,ENUSC (INE),Hogar víctima de delito (DMCS) (%),%,2022,10,Los Lagos,15.88,13.21,18.55,regional
enusc_vh_dmcs,ENUSC (INE),Hogar víctima de delito (DMCS) (%),%,2022,11,Aysén,8.74,6.45,11.04,regional
enusc_vh_dmcs,ENUSC (INE),Hogar víctima de delito (DMCS) (%),%,2022,12,Magallanes,3.88,2.75,5,regional
enusc_vh_dmcs,ENUSC (INE),Hogar víctima de delito (DMCS) (%),%,2022,13,Metropolitana,27.67,25.61,29.73,regional
enusc_vh_dmcs,ENUSC (INE),Hogar víctima de delito (DMCS) (%),%,2022,14,Los Ríos,22,16.62,27.37,regional
enusc_vh_dmcs,ENUSC (INE),Hogar víctima de delito (DMCS) (%),%,2022,15,Arica y Parinacota,31.73,28.74,34.73,regional
enusc_vh_dmcs,ENUSC (INE),Hogar víctima de delito (DMCS) (%),%,2022,16,Ñuble,14.31,10.62,17.99,regional
enusc_vh_dmcs,ENUSC (INE),Hogar víctima de delito (DMCS) (%),%,2023,0,Nacional,21.74,21.24,22.23,regional
enusc_vh_dmcs,ENUSC (INE),Hogar víctima de delito (DMCS) (%),%,2023,1,Tarapacá,28.78,26.22,31.34,regional
enusc_vh_dmcs,ENUSC (INE),Hogar víctima de delito (DMCS) (%),%,2023,2,Antofagasta,16.9,14.82,18.97,regional
enusc_vh_dmcs,ENUSC (INE),Hogar víctima de delito (DMCS) (%),%,2023,3,Atacama,16.75,13.71,19.78,regional
enusc_vh_dmcs,ENUSC (INE),Hogar víctima de delito (DMCS) (%),%,2023,4,Coquimbo,15.7,13.87,17.53,regional
enusc_vh_dmcs,ENUSC (INE),Hogar víctima de delito (DMCS) (%),%,2023,5,Valparaíso,20.09,18.76,21.41,regional
enusc_vh_dmcs,ENUSC (INE),Hogar víctima de delito (DMCS) (%),%,2023,6,O'Higgins,17.65,15.01,20.29,regional
enusc_vh_dmcs,ENUSC (INE),Hogar víctima de delito (DMCS) (%),%,2023,7,Maule,15.52,14.11,16.92,regional
enusc_vh_dmcs,ENUSC (INE),Hogar víctima de delito (DMCS) (%),%,2023,8,Biobío,19.07,17.69,20.44,regional
enusc_vh_dmcs,ENUSC (INE),Hogar víctima de delito (DMCS) (%),%,2023,9,La Araucanía,15.81,13.58,18.03,regional
enusc_vh_dmcs,ENUSC (INE),Hogar víctima de delito (DMCS) (%),%,2023,10,Los Lagos,15.22,13.14,17.3,regional
enusc_vh_dmcs,ENUSC (INE),Hogar víctima de delito (DMCS) (%),%,2023,11,Aysén,8.25,6.37,10.13,regional
enusc_vh_dmcs,ENUSC (INE),Hogar víctima de delito (DMCS) (%),%,2023,12,Magallanes,3.79,2.68,4.9,regional
enusc_vh_dmcs,ENUSC (INE),Hogar víctima de delito (DMCS) (%),%,2023,13,Metropolitana,26.22,25.34,27.09,regional
enusc_vh_dmcs,ENUSC (INE),Hogar víctima de delito (DMCS) (%),%,2023,14,Los Ríos,21.64,18.4,24.88,regional
enusc_vh_dmcs,ENUSC (INE),Hogar víctima de delito (DMCS) (%),%,2023,15,Arica y Parinacota,32.95,29.99,35.91,regional
enusc_vh_dmcs,ENUSC (INE),Hogar víctima de delito (DMCS) (%),%,2023,16,Ñuble,15.36,13.05,17.67,regional
enusc_vh_dmcs,ENUSC (INE),Hogar víctima de delito (DMCS) (%),%,2024,0,Nacional,23.47,22.71,24.23,regional
enusc_vh_dmcs,ENUSC (INE),Hogar víctima de delito (DMCS) (%),%,2024,1,Tarapacá,35,31.73,38.28,regional
enusc_vh_dmcs,ENUSC (INE),Hogar víctima de delito (DMCS) (%),%,2024,2,Antofagasta,17.12,14.61,19.63,regional
enusc_vh_dmcs,ENUSC (INE),Hogar víctima de delito (DMCS) (%),%,2024,3,Atacama,14.31,11.8,16.81,regional
enusc_vh_dmcs,ENUSC (INE),Hogar víctima de delito (DMCS) (%),%,2024,4,Coquimbo,18.36,15.79,20.93,regional
enusc_vh_dmcs,ENUSC (INE),Hogar víctima de delito (DMCS) (%),%,2024,5,Valparaíso,24.08,22.12,26.05,regional
enusc_vh_dmcs,ENUSC (INE),Hogar víctima de delito (DMCS) (%),%,2024,6,O'Higgins,20.55,17.48,23.61,regional
enusc_vh_dmcs,ENUSC (INE),Hogar víctima de delito (DMCS) (%),%,2024,7,Maule,16.48,13.94,19.03,regional
enusc_vh_dmcs,ENUSC (INE),Hogar víctima de delito (DMCS) (%),%,2024,8,Biobío,18.2,16.48,19.92,regional
enusc_vh_dmcs,ENUSC (INE),Hogar víctima de delito (DMCS) (%),%,2024,9,La Araucanía,16.57,13.69,19.46,regional
enusc_vh_dmcs,ENUSC (INE),Hogar víctima de delito (DMCS) (%),%,2024,10,Los Lagos,15.97,13.29,18.65,regional
enusc_vh_dmcs,ENUSC (INE),Hogar víctima de delito (DMCS) (%),%,2024,11,Aysén,5.94,4.29,7.6,regional
enusc_vh_dmcs,ENUSC (INE),Hogar víctima de delito (DMCS) (%),%,2024,12,Magallanes,7.46,5.57,9.34,regional
enusc_vh_dmcs,ENUSC (INE),Hogar víctima de delito (DMCS) (%),%,2024,13,Metropolitana,28.45,27.03,29.88,regional
enusc_vh_dmcs,ENUSC (INE),Hogar víctima de delito (DMCS) (%),%,2024,14,Los Ríos,19.79,16.89,22.68,regional
enusc_vh_dmcs,ENUSC (INE),Hogar víctima de delito (DMCS) (%),%,2024,15,Arica y Parinacota,28.6,25.45,31.75,regional
enusc_vh_dmcs,ENUSC (INE),Hogar víctima de delito (DMCS) (%),%,2024,16,Ñuble,17.91,15.3,20.53,regional
